date,symbol,strategy,close,rsi,adx,vol_ratio,roc10,is_new
2026-07-11,AEMULUS,trending,0.33,71.6,25.6,4.88,37.5,True
2026-07-11,SCIENTX,trending,3.77,55.3,34.1,2.33,-0.53,True
2026-07-11,L&G,trending,0.165,56.4,29.3,1.95,6.45,True
2026-07-11,IOICORP,trending,4.51,72.4,26.0,1.46,5.62,True
2026-07-11,ECA,trending,0.295,55.8,53.1,1.33,3.51,True
2026-07-11,GCB,trending,1.16,65.7,40.1,0.97,8.41,True
2026-07-11,HKB,trending,0.615,54.4,40.8,0.92,-15.75,True
2026-07-11,SAMAIDEN,trending,1.42,62.7,30.9,0.88,3.65,True
2026-07-11,CBHB,trending,0.715,64.8,30.3,0.82,10.85,True
2026-07-11,MIKROMB,trending,0.52,65.3,37.4,0.81,0.0,True
2026-07-11,99SMART,trending,3.7,64.4,29.5,0.79,4.23,True
2026-07-11,JCY,trending,0.38,63.4,27.2,0.79,11.76,True
2026-07-11,KGB,trending,7.96,57.1,35.3,0.78,1.92,True
2026-07-11,PENTA,trending,4.71,53.1,26.1,0.73,-1.46,True
2026-07-11,UTDPLT,trending,34.26,63.9,33.0,0.7,5.09,True
2026-07-11,WPRTS,trending,6.18,61.5,28.2,0.69,3.87,True
2026-07-11,KLK,trending,21.6,57.3,27.5,0.69,1.41,True
2026-07-11,MCLEAN,trending,0.785,62.1,28.2,0.67,6.8,True
2026-07-11,GIIB,trending,0.495,65.2,26.6,0.66,3.12,True
2026-07-11,LHI,trending,0.78,62.4,29.1,0.64,3.31,True
2026-07-11,AMBEST,trending,0.875,59.2,39.3,0.63,1.16,True
2026-07-11,KEEMING,trending,1.85,68.6,62.9,0.6,8.82,True
2026-07-11,QES,trending,0.565,61.8,25.9,0.6,13.0,True
2026-07-11,LWSABAH,trending,1.52,63.0,44.0,0.56,4.11,True
2026-07-11,BMGREEN,trending,1.81,59.7,28.4,0.55,7.74,True
2026-07-11,THMY,trending,1.72,52.3,26.4,0.53,0.58,True
2026-07-11,ICENTS,trending,0.55,62.0,25.3,0.51,8.91,True
2026-07-11,DNEX,trending,0.435,59.0,34.1,0.42,3.57,True
2026-07-11,OGX,trending,0.49,57.0,30.0,0.38,2.08,True
2026-07-11,SLVEST,trending,3.04,54.8,27.0,0.34,1.67,True
2026-07-11,MNHLDG,trending,2.82,58.3,32.4,0.33,1.08,True
2026-07-11,DUFU,trending,2.31,56.1,30.4,0.28,-1.28,True
2026-07-11,SFPTECH,trending,0.295,57.4,36.5,0.28,1.72,True
2026-07-11,SCGBHD,trending,2.3,53.9,31.4,0.2,3.6,True
2026-07-11,SPRITZER,trending,2.96,63.2,37.1,0.14,2.07,True
2026-07-11,TFP,trending,0.08,53.1,27.9,0.11,-5.88,True
2026-07-11,GENP,trending,5.48,64.2,48.0,0.1,4.18,True
2026-07-11,SUNMED,early_uptrend,1.95,72.9,23.8,1.86,9.55,True
2026-07-11,SMRT,reversal,0.2,55.4,17.6,2.79,21.21,True
2026-07-11,CDB,reversal,2.99,63.4,26.6,1.05,10.74,True
2026-07-11,MFLOUR,reversal,0.585,69.3,20.9,1.03,6.36,True
2026-07-11,EDUSPEC,reversal,0.1,50.2,24.8,0.98,11.11,True
2026-07-11,HENGYUAN,reversal,1.16,54.8,15.6,0.96,12.62,True
2026-07-11,GENTING,reversal,2.27,53.0,17.2,0.91,3.65,True
2026-07-11,ENGTEX,reversal,0.44,51.7,29.0,0.79,8.64,True
2026-07-11,VELESTO,reversal,0.29,51.1,30.6,0.76,5.45,True
2026-07-11,MATRIX,reversal,1.23,52.6,23.4,0.47,3.36,True
2026-07-11,HIBISCS,reversal,1.99,55.9,25.8,0.28,13.07,True
2026-07-11,CHINHIN,reversal,2.09,51.4,15.9,0.25,0.0,True
2026-07-11,SMRT,gaining_momentum,0.2,55.4,17.6,2.79,21.21,True
2026-07-11,CPETECH,gaining_momentum,0.94,65.9,18.9,2.17,16.05,True
2026-07-11,SUNCON,gaining_momentum,7.7,64.9,11.5,1.86,5.19,True
2026-07-13,HSPLANT,trending,2.38,65.8,34.0,7.78,2.15,True
2026-07-13,SOP,trending,5.15,73.0,26.3,2.98,12.2,True
2026-07-13,ICENTS,trending,0.62,73.2,27.1,2.98,18.1,False
2026-07-13,KLK,trending,21.88,60.6,28.8,2.76,4.39,False
2026-07-13,LPI,trending,15.12,56.2,42.2,2.33,-0.13,True
2026-07-13,UTDPLT,trending,35.02,68.5,34.4,1.96,7.23,False
2026-07-13,SDG,trending,6.45,74.3,26.5,1.8,8.22,True
2026-07-13,L&G,trending,0.165,56.4,27.6,1.76,6.45,False
2026-07-13,JPG,trending,1.92,70.2,25.3,1.68,7.87,True
2026-07-13,LWSABAH,trending,1.51,61.3,45.0,1.59,2.72,False
2026-07-13,WPRTS,trending,6.24,64.8,30.3,1.47,3.31,False
2026-07-13,AEMULUS,trending,0.32,66.8,27.8,1.36,28.0,False
2026-07-13,ECOMATE,trending,0.86,53.9,29.2,1.06,0.0,True
2026-07-13,MAG,trending,0.175,57.5,33.4,1.03,0.0,True
2026-07-13,CBHB,trending,0.69,56.8,30.3,0.96,6.98,False
2026-07-13,JAG,trending,0.365,54.7,27.5,0.94,1.39,True
2026-07-13,LHI,trending,0.775,59.5,29.1,0.88,1.97,False
2026-07-13,KEEMING,trending,1.8,64.2,61.4,0.85,-3.23,False
2026-07-13,TAANN,trending,5.73,71.8,25.5,0.83,8.94,True
2026-07-13,SAMAIDEN,trending,1.4,58.3,30.7,0.83,0.72,False
2026-07-13,MCLEAN,trending,0.76,56.5,28.2,0.79,-2.56,False
2026-07-13,GENP,trending,5.5,65.3,49.4,0.75,5.77,False
2026-07-13,BMGREEN,trending,1.79,57.3,27.7,0.68,1.13,False
2026-07-13,MNHLDG,trending,2.82,58.3,31.0,0.66,-2.08,False
2026-07-13,GCB,trending,1.13,60.1,39.1,0.64,3.67,False
2026-07-13,HEGROUP,trending,0.58,71.8,50.4,0.64,17.17,True
2026-07-13,QES,trending,0.57,62.8,26.0,0.62,7.55,False
2026-07-13,MIKROMB,trending,0.52,65.3,36.1,0.57,0.97,False
2026-07-13,VIS,trending,0.35,69.4,44.9,0.5,52.17,True
2026-07-13,ECA,trending,0.315,62.2,50.0,0.44,-3.08,False
2026-07-13,DNEX,trending,0.425,55.4,33.5,0.42,1.19,False
2026-07-13,SCGBHD,trending,2.29,53.0,30.4,0.4,-2.55,False
2026-07-13,CHB,trending,1.67,74.4,51.2,0.36,65.35,True
2026-07-13,AMBEST,trending,0.865,56.7,38.3,0.27,-3.35,False
2026-07-13,99SMART,trending,3.67,60.9,30.0,0.26,3.09,False
2026-07-13,JCY,trending,0.38,63.4,27.9,0.26,10.14,False
2026-07-13,TFP,trending,0.08,53.1,26.6,0.26,-5.88,False
2026-07-13,SPRITZER,trending,2.91,57.9,36.7,0.04,1.04,False
2026-07-13,TEAMSTR,early_uptrend,0.25,53.9,17.8,1.44,2.04,True
2026-07-13,SUNMED,early_uptrend,1.95,72.9,25.5,1.27,7.73,False
2026-07-13,HENGYUAN,reversal,1.3,66.8,18.2,4.14,26.21,False
2026-07-13,DAYANG,reversal,1.72,51.6,17.1,1.7,3.61,True
2026-07-13,ENGTEX,reversal,0.44,51.7,27.8,1.48,6.02,False
2026-07-13,HIBISCS,reversal,2.02,58.3,25.8,1.4,12.22,False
2026-07-13,MAHSING,reversal,0.97,50.1,13.2,0.98,-0.51,True
2026-07-13,ANCOMNY,reversal,0.86,50.2,24.6,0.9,2.38,True
2026-07-13,MFLOUR,reversal,0.58,63.6,21.6,0.64,5.45,False
2026-07-13,GENTING,reversal,2.26,51.0,18.5,0.48,4.15,False
2026-07-13,CDB,reversal,2.96,60.1,27.5,0.47,10.86,False
2026-07-13,MATRIX,reversal,1.24,54.5,22.0,0.37,5.08,False
2026-07-13,GENERGY,reversal,0.41,50.8,41.5,0.31,28.12,True
2026-07-13,CHINHIN,reversal,2.1,54.6,16.8,0.06,0.96,False
2026-07-13,HENGYUAN,gaining_momentum,1.3,66.8,18.2,4.14,26.21,True
2026-07-13,TANCO,gaining_momentum,0.24,26.3,64.3,2.82,65.52,True
2026-07-13,IOICORP,gaining_momentum,4.6,76.4,29.1,1.87,8.49,True
2026-07-13,WTK,gaining_momentum,0.825,64.0,18.9,1.82,7.14,True
2026-07-13,SDG,gaining_momentum,6.45,74.3,26.5,1.8,8.22,True
2026-07-15,AEMULUS,trending,0.355,73.6,32.6,3.47,33.96,False
2026-07-15,UTDPLT,trending,34.7,64.1,37.1,2.35,5.22,False
2026-07-15,LWSABAH,trending,1.55,63.7,46.0,2.01,4.03,False
2026-07-15,LHI,trending,0.765,53.7,27.7,1.99,0.0,False
2026-07-15,SFPTECH,trending,0.3,58.1,31.9,1.89,1.69,False
2026-07-15,BMGREEN,trending,1.84,61.6,27.5,1.71,1.1,False
2026-07-15,KLK,trending,21.8,59.2,30.7,1.69,3.91,False
2026-07-15,JCY,trending,0.37,55.5,27.2,1.57,0.0,False
2026-07-15,WPRTS,trending,6.23,62.5,34.2,1.52,3.83,False
2026-07-15,GCB,trending,1.21,68.2,38.3,1.36,11.01,False
2026-07-15,HEGROUP,trending,0.585,72.8,50.3,1.29,10.38,False
2026-07-15,KGB,trending,7.77,52.1,29.4,1.14,-5.82,False
2026-07-15,SOP,trending,5.17,72.7,30.5,1.11,10.47,False
2026-07-15,DNEX,trending,0.445,60.8,32.8,1.05,-1.11,False
2026-07-15,QES,trending,0.57,62.2,25.9,1.02,1.79,False
2026-07-15,L&G,trending,0.165,56.4,26.4,1.0,6.45,False
2026-07-15,MCLEAN,trending,0.79,61.0,25.2,0.99,0.0,False
2026-07-15,AMBEST,trending,0.91,64.6,36.4,0.97,0.0,False
2026-07-15,CHB,trending,1.66,71.7,51.9,0.77,17.73,False
2026-07-15,VITROX,trending,7.69,58.5,38.4,0.76,-2.53,True
2026-07-15,IOICORP,trending,4.57,69.1,34.6,0.74,8.04,False
2026-07-15,DUFU,trending,2.4,59.9,26.8,0.72,-2.04,False
2026-07-15,CBHB,trending,0.715,60.6,31.0,0.69,4.38,False
2026-07-15,JAG,trending,0.37,61.1,29.9,0.65,2.78,False
2026-07-15,SCGBHD,trending,2.34,56.9,27.6,0.63,-0.85,False
2026-07-15,VIS,trending,0.34,64.9,46.7,0.62,13.33,False
2026-07-15,SPRITZER,trending,3.0,63.5,34.6,0.57,2.39,False
2026-07-15,TAANN,trending,5.77,70.8,30.1,0.57,8.87,False
2026-07-15,MNHLDG,trending,2.88,61.5,27.5,0.51,-1.37,False
2026-07-15,KEEMING,trending,1.83,65.7,58.7,0.48,-2.14,False
2026-07-15,99SMART,trending,3.69,61.1,30.4,0.46,3.36,False
2026-07-15,HKB,trending,0.655,59.5,34.4,0.45,3.97,False
2026-07-15,SAMAIDEN,trending,1.39,56.0,28.9,0.39,-1.42,False
2026-07-15,GENP,trending,5.42,57.6,47.9,0.26,2.46,False
2026-07-15,ECA,trending,0.315,61.4,44.4,0.25,-4.55,False
2026-07-15,HSPLANT,trending,2.39,65.7,37.2,0.13,5.29,False
2026-07-15,ARMADA,early_uptrend,0.36,57.4,22.0,2.43,4.35,True
2026-07-15,HENGYUAN,early_uptrend,1.38,70.7,24.0,1.37,31.43,True
2026-07-15,PTRANS,reversal,0.185,52.3,44.9,1.84,5.71,True
2026-07-15,DIALOG,reversal,1.97,56.3,28.9,1.49,6.49,True
2026-07-15,HENGYUAN,reversal,1.38,70.7,24.0,1.37,31.43,False
2026-07-15,E&O,reversal,0.73,51.3,30.3,1.35,2.82,True
2026-07-15,DAYANG,reversal,1.75,55.5,18.1,1.09,8.02,False
2026-07-15,MSC,reversal,1.95,50.3,24.6,1.07,3.17,True
2026-07-15,IHH,reversal,8.62,54.5,19.2,0.75,3.86,True
2026-07-15,ENGTEX,reversal,0.445,54.5,24.9,0.64,5.95,False
2026-07-15,CDB,reversal,2.98,59.8,29.6,0.62,9.56,False
2026-07-15,HIBISCS,reversal,2.06,61.2,25.9,0.6,11.35,False
2026-07-15,PCHEM,reversal,4.58,50.4,24.9,0.58,12.53,True
2026-07-15,MISC,reversal,8.02,53.1,13.0,0.55,3.48,True
2026-07-15,MAHSING,reversal,0.97,50.3,12.0,0.39,2.11,False
2026-07-15,CHINHIN,reversal,2.1,54.6,18.5,0.32,1.45,False
2026-07-15,ANCOMNY,reversal,0.865,53.3,21.7,0.2,4.22,False
2026-07-15,PA,gaining_momentum,0.2,79.7,16.2,9.54,25.0,True
2026-07-15,VS,gaining_momentum,0.22,64.1,44.0,5.67,10.0,True
2026-07-15,TANCO,gaining_momentum,0.315,37.7,58.7,5.02,80.0,False
2026-07-15,SET,gaining_momentum,0.23,75.9,31.7,4.42,17.95,True
2026-07-15,JFTECH,gaining_momentum,0.655,63.1,17.9,3.68,6.5,True
2026-07-15,HHRG,gaining_momentum,0.165,80.2,24.7,3.63,120.0,True
2026-07-15,AEMULUS,gaining_momentum,0.355,73.6,32.6,3.47,33.96,True
2026-07-15,EG,gaining_momentum,1.91,64.8,22.8,2.85,3.8,True
2026-07-15,CORAZA,gaining_momentum,1.13,67.2,19.5,2.41,11.88,True
2026-07-15,GDB,gaining_momentum,0.52,58.5,19.3,2.24,4.0,True
2026-07-15,PBBANK,gaining_momentum,5.05,64.0,15.3,2.11,6.32,True
2026-07-16,SFPTECH,trending,0.34,68.5,33.1,4.93,13.33,False
2026-07-16,BAUTO,trending,1.07,64.4,25.1,4.5,2.88,True
2026-07-16,LWSABAH,trending,1.51,57.8,46.8,2.46,2.72,False
2026-07-16,WPRTS,trending,6.17,57.2,34.7,2.09,1.98,False
2026-07-16,HHRG,trending,0.145,67.9,26.8,1.88,93.33,True
2026-07-16,SAMAIDEN,trending,1.41,59.4,27.2,1.81,0.0,False
2026-07-16,HSPLANT,trending,2.45,71.3,39.0,1.72,7.93,False
2026-07-16,KLK,trending,21.66,56.5,30.9,1.7,3.34,False
2026-07-16,JAG,trending,0.365,53.0,29.2,1.7,1.39,False
2026-07-16,CPETECH,trending,1.04,72.5,25.5,1.61,27.61,True
2026-07-16,TIMWELL,trending,1.82,67.7,51.2,1.54,-0.55,True
2026-07-16,DNEX,trending,0.465,65.4,33.6,1.27,5.68,False
2026-07-16,MIKROMB,trending,0.52,61.6,29.6,1.2,-0.95,False
2026-07-16,BMGREEN,trending,1.86,63.2,27.8,1.19,4.49,False
2026-07-16,GCB,trending,1.2,66.4,38.5,1.17,11.11,False
2026-07-16,L&G,trending,0.165,56.4,25.9,1.16,3.12,False
2026-07-16,AEMULUS,trending,0.345,69.0,35.0,1.15,30.19,False
2026-07-16,HENGYUAN,trending,1.34,65.5,26.4,1.04,27.62,True
2026-07-16,ECOSHOP,trending,1.48,68.4,38.2,0.97,3.5,True
2026-07-16,HEGROUP,trending,0.58,70.1,50.5,0.97,11.54,False
2026-07-16,VIS,trending,0.35,67.3,47.6,0.95,-1.41,False
2026-07-16,OPPSTAR,trending,0.605,51.9,27.5,0.93,-3.97,True
2026-07-16,JPG,trending,1.98,73.6,31.8,0.89,10.0,False
2026-07-16,LHI,trending,0.77,56.0,26.4,0.89,0.65,False
2026-07-16,TMK,trending,2.4,58.0,29.5,0.87,2.13,True
2026-07-16,TAANN,trending,5.8,72.0,32.2,0.86,7.21,False
2026-07-16,ECA,trending,0.325,64.4,42.8,0.86,0.0,False
2026-07-16,KEEMING,trending,1.89,68.6,58.0,0.79,5.0,False
2026-07-16,UTDPLT,trending,35.0,66.0,38.3,0.76,4.54,False
2026-07-16,DUFU,trending,2.34,55.9,25.9,0.75,-2.09,False
2026-07-16,IOICORP,trending,4.56,68.0,37.1,0.75,7.55,False
2026-07-16,MNHLDG,trending,2.85,58.5,26.0,0.74,-1.38,False
2026-07-16,TROP,trending,1.24,62.0,30.2,0.74,1.64,True
2026-07-16,GENP,trending,5.53,64.2,47.1,0.68,4.34,False
2026-07-16,SOP,trending,5.18,73.0,32.4,0.66,9.75,False
2026-07-16,MAG,trending,0.175,55.5,29.2,0.66,0.0,False
2026-07-16,CBHB,trending,0.7,56.4,30.8,0.61,4.48,False
2026-07-16,99SMART,trending,3.72,63.1,31.1,0.59,2.76,False
2026-07-16,KGB,trending,7.83,53.5,28.1,0.55,-1.88,False
2026-07-16,JCY,trending,0.37,55.5,26.5,0.51,-1.33,False
2026-07-16,VITROX,trending,7.66,57.6,36.9,0.49,-0.78,False
2026-07-16,INFOM,trending,1.41,70.7,41.3,0.47,11.02,True
2026-07-16,QES,trending,0.57,62.2,25.9,0.45,8.57,False
2026-07-16,SCGBHD,trending,2.3,53.0,26.6,0.35,-1.71,False
2026-07-16,AMBEST,trending,0.89,59.4,36.0,0.29,-1.11,False
2026-07-16,HKB,trending,0.65,58.6,32.1,0.23,4.0,False
2026-07-16,SPRITZER,trending,2.93,56.8,34.1,0.22,0.34,False
2026-07-16,MAHSING,reversal,0.97,50.3,12.2,2.24,3.19,False
2026-07-16,KIPREIT,reversal,0.845,52.9,15.1,1.4,0.6,True
2026-07-16,NEXG,reversal,0.26,53.4,15.0,1.35,6.12,True
2026-07-16,IHH,reversal,8.53,50.1,19.0,1.22,4.41,False
2026-07-16,DIALOG,reversal,2.02,61.3,27.6,1.16,9.78,False
2026-07-16,HENGYUAN,reversal,1.34,65.5,26.4,1.04,27.62,False
2026-07-16,SMRT,reversal,0.195,52.8,16.5,1.02,5.41,False
2026-07-16,PMETAL,reversal,8.07,50.5,34.0,0.95,7.17,True
2026-07-16,PCHEM,reversal,4.58,50.4,23.8,0.83,10.36,False
2026-07-16,E&O,reversal,0.74,55.8,28.9,0.81,4.23,False
2026-07-16,MISC,reversal,7.98,50.9,13.4,0.77,5.0,False
2026-07-16,HIBISCS,reversal,2.03,57.7,25.3,0.71,10.93,False
2026-07-16,ENGTEX,reversal,0.45,57.2,23.1,0.54,5.88,False
2026-07-16,LBS,reversal,0.43,52.1,23.9,0.43,1.18,True
2026-07-16,CDB,reversal,2.94,55.8,30.4,0.4,5.76,False
2026-07-16,ANCOMNY,reversal,0.87,56.4,20.5,0.37,4.82,False
2026-07-16,GENETEC,gaining_momentum,0.335,60.7,18.6,4.2,8.06,True
2026-07-16,NATGATE,gaining_momentum,1.17,78.5,28.2,3.82,30.73,True
2026-07-16,VS,gaining_momentum,0.235,70.9,46.7,3.03,20.51,False
2026-07-16,PBBANK,gaining_momentum,5.2,71.3,17.6,2.48,7.44,False
2026-07-16,MAHSING,gaining_momentum,0.97,50.3,12.2,2.24,3.19,True
2026-07-16,JFTECH,gaining_momentum,0.645,59.6,18.2,2.04,7.5,False
2026-07-17,TROP,trending,1.25,64.0,29.6,2.36,2.46,False
2026-07-17,BMGREEN,trending,1.87,64.0,28.5,2.32,2.75,False
2026-07-17,TAANN,trending,5.75,67.3,32.9,2.29,6.28,False
2026-07-17,GENP,trending,5.7,71.5,47.6,1.96,7.55,False
2026-07-17,SOP,trending,5.03,61.4,31.8,1.85,4.36,False
2026-07-17,KLK,trending,21.6,55.4,30.9,1.48,-0.46,False
2026-07-17,IOICORP,trending,4.58,69.1,39.5,1.39,6.76,False
2026-07-17,UTDPLT,trending,34.6,61.3,38.1,1.37,4.47,False
2026-07-17,SFPTECH,trending,0.32,60.5,34.2,1.35,4.92,False
2026-07-17,BAUTO,trending,1.05,57.9,26.6,1.32,0.0,False
2026-07-17,WPRTS,trending,6.15,55.5,35.0,1.3,1.82,False
2026-07-17,L&G,trending,0.165,56.4,25.5,1.25,0.0,False
2026-07-17,PENTA,trending,4.91,57.9,25.0,1.17,2.51,False
2026-07-17,SAMAIDEN,trending,1.44,64.0,26.9,1.16,2.86,False
2026-07-17,99SMART,trending,3.69,59.7,31.9,1.15,-0.27,False
2026-07-17,DNEX,trending,0.44,56.5,34.4,1.11,-1.12,False
2026-07-17,CPETECH,trending,0.96,60.1,25.6,1.07,15.66,False
2026-07-17,TIMWELL,trending,1.84,70.9,49.8,1.05,1.66,False
2026-07-17,MIKROMB,trending,0.52,61.6,27.6,1.0,-1.89,False
2026-07-17,AEMULUS,trending,0.33,62.8,36.3,0.86,20.0,False
2026-07-17,ICENTS,trending,0.625,67.3,35.1,0.85,9.65,False
2026-07-17,ECOSHOP,trending,1.49,69.7,39.0,0.82,4.2,False
2026-07-17,HENGYUAN,trending,1.35,66.2,28.1,0.77,26.17,False
2026-07-17,HHRG,trending,0.16,71.4,28.9,0.75,100.0,False
2026-07-17,CHB,trending,1.85,74.7,54.2,0.75,13.5,False
2026-07-17,OPPSTAR,trending,0.61,52.9,27.3,0.74,-3.94,False
2026-07-17,KEEMING,trending,1.87,66.6,57.7,0.74,6.25,False
2026-07-17,QES,trending,0.56,58.4,25.2,0.72,2.75,False
2026-07-17,LWSABAH,trending,1.51,57.8,47.5,0.7,3.42,False
2026-07-17,GCB,trending,1.17,61.0,38.0,0.68,6.36,False
2026-07-17,HEGROUP,trending,0.56,60.6,49.8,0.63,5.66,False
2026-07-17,LHI,trending,0.765,53.1,25.3,0.62,-1.29,False
2026-07-17,JAG,trending,0.365,53.0,28.6,0.57,1.39,False
2026-07-17,HSPLANT,trending,2.48,73.5,41.0,0.55,9.25,False
2026-07-17,ECA,trending,0.315,59.5,41.4,0.35,-3.08,False
2026-07-17,HKB,trending,0.645,57.6,30.0,0.3,6.61,False
2026-07-17,VIS,trending,0.34,62.7,48.4,0.21,-5.56,False
2026-07-17,SPRITZER,trending,2.91,55.0,33.4,0.13,0.34,False
2026-07-17,ABMB,early_uptrend,4.82,54.9,11.3,4.12,0.84,True
2026-07-17,EKOVEST,reversal,0.21,62.5,28.0,7.97,5.0,True
2026-07-17,SKPRES,reversal,0.305,51.5,26.9,1.91,5.17,True
2026-07-17,DIALOG,reversal,2.03,62.2,26.9,1.43,14.04,False
2026-07-17,HIBISCS,reversal,2.07,60.9,24.9,0.69,12.5,False
2026-07-17,PCHEM,reversal,4.73,54.2,22.7,0.67,8.49,False
2026-07-17,E&O,reversal,0.735,53.2,27.2,0.5,2.8,False
2026-07-17,ANCOMNY,reversal,0.87,56.4,19.3,0.39,3.57,False
2026-07-17,CDB,reversal,2.96,57.3,30.4,0.32,2.42,False
2026-07-17,ENGTEX,reversal,0.45,57.2,21.6,0.19,7.14,False
2026-07-17,PBBANK,gaining_momentum,5.25,73.2,20.2,2.09,7.36,False
2026-07-17,SKPRES,gaining_momentum,0.305,51.5,26.9,1.91,5.17,True
2026-07-20,SAMAIDEN,trending,1.52,72.8,27.9,3.9,10.95,False
2026-07-20,WPRTS,trending,6.53,72.3,37.4,3.03,8.47,False
2026-07-20,HENGYUAN,trending,1.43,71.0,30.5,2.42,36.19,False
2026-07-20,TAANN,trending,5.78,68.6,33.5,2.38,7.64,False
2026-07-20,BMGREEN,trending,1.94,69.2,29.7,1.81,8.38,False
2026-07-20,ECOSHOP,trending,1.51,72.2,39.9,1.4,5.59,False
2026-07-20,TIMWELL,trending,1.82,64.0,48.5,1.34,1.11,False
2026-07-20,TROP,trending,1.25,64.0,28.5,1.21,2.46,False
2026-07-20,CPETECH,trending,0.995,63.1,25.3,1.2,20.61,False
2026-07-20,VITROX,trending,7.69,56.5,32.9,1.17,0.79,False
2026-07-20,OPPSTAR,trending,0.615,53.9,27.3,0.95,-1.6,False
2026-07-20,DNEX,trending,0.445,57.7,34.5,0.85,2.3,False
2026-07-20,GCB,trending,1.18,62.1,37.8,0.85,11.32,False
2026-07-20,SOP,trending,5.14,65.7,31.5,0.8,8.67,False
2026-07-20,KLK,trending,21.58,55.0,30.9,0.77,0.09,False
2026-07-20,ECOMATE,trending,0.87,61.6,31.7,0.74,1.75,False
2026-07-20,L&G,trending,0.165,56.4,25.0,0.73,3.12,False
2026-07-20,99SMART,trending,3.7,60.5,32.5,0.71,2.49,False
2026-07-20,SFPTECH,trending,0.325,61.7,35.3,0.65,12.07,False
2026-07-20,HEGROUP,trending,0.585,66.7,49.5,0.64,7.34,False
2026-07-20,LWSABAH,trending,1.51,57.8,47.8,0.64,5.59,False
2026-07-20,BAUTO,trending,1.07,62.0,28.0,0.63,2.88,False
2026-07-20,HHRG,trending,0.16,71.4,30.9,0.62,77.78,False
2026-07-20,GENP,trending,5.7,71.5,48.2,0.58,6.34,False
2026-07-20,IOICORP,trending,4.59,69.6,41.7,0.51,6.99,False
2026-07-20,PENTA,trending,4.91,57.9,25.3,0.44,4.91,False
2026-07-20,AEMULUS,trending,0.34,65.0,37.5,0.43,23.64,False
2026-07-20,CBHB,trending,0.7,55.7,28.4,0.41,0.0,False
2026-07-20,MKH,trending,1.96,75.0,89.2,0.38,0.51,True
2026-07-20,HSPLANT,trending,2.48,73.5,43.0,0.38,9.73,False
2026-07-20,TMK,trending,2.37,55.2,27.9,0.29,-1.25,False
2026-07-20,KEEMING,trending,1.88,67.1,57.1,0.28,2.73,False
2026-07-20,ECA,trending,0.305,54.9,39.2,0.28,-7.58,False
2026-07-20,CHB,trending,1.82,72.1,55.2,0.27,15.92,False
2026-07-20,ICENTS,trending,0.625,67.3,36.5,0.25,9.65,False
2026-07-20,VIS,trending,0.35,65.3,49.1,0.19,0.0,False
2026-07-20,SPRITZER,trending,2.9,54.1,32.3,0.18,0.0,False
2026-07-20,UTDPLT,trending,34.6,61.3,37.9,0.14,3.28,False
2026-07-20,HLBANK,early_uptrend,22.24,57.0,14.4,2.78,2.02,True
2026-07-20,HENGYUAN,early_uptrend,1.43,71.0,30.5,2.42,36.19,False
2026-07-20,DAYANG,reversal,1.74,53.7,15.3,1.83,5.45,False
2026-07-20,PCHEM,reversal,4.76,54.9,22.7,1.23,9.93,False
2026-07-20,DIALOG,reversal,2.04,63.1,26.9,1.02,10.87,False
2026-07-20,EKOVEST,reversal,0.21,62.5,30.2,0.83,5.0,False
2026-07-20,CDB,reversal,2.98,58.9,30.7,0.66,3.83,False
2026-07-20,ANCOMNY,reversal,0.875,59.5,18.8,0.34,2.94,False
2026-07-20,E&O,reversal,0.735,53.2,26.0,0.18,1.38,False
2026-07-20,PETRONM,gaining_momentum,3.6,48.6,44.1,6.62,5.26,True
2026-07-20,SAMAIDEN,gaining_momentum,1.52,72.8,27.9,3.9,10.95,True
2026-07-20,INARI,gaining_momentum,2.28,58.4,11.4,3.04,5.07,True
2026-07-20,NEXG,gaining_momentum,0.285,63.4,15.4,2.9,18.75,True
2026-07-20,SUNLOGY,gaining_momentum,0.335,73.6,27.1,2.45,13.56,True
2026-07-20,BMGREEN,gaining_momentum,1.94,69.2,29.7,1.81,8.38,True
2026-07-21,BMGREEN,trending,1.91,64.9,31.8,4.79,4.37,False
2026-07-21,GENP,trending,5.71,71.9,48.7,3.11,4.77,False
2026-07-21,AEMULUS,trending,0.37,70.8,39.3,2.51,32.14,False
2026-07-21,WPRTS,trending,6.5,70.0,39.5,2.03,6.56,False
2026-07-21,HEGROUP,trending,0.58,64.6,49.3,1.95,6.42,False
2026-07-21,SAMAIDEN,trending,1.53,73.7,29.3,1.91,9.29,False
2026-07-21,MAG,trending,0.175,54.8,25.9,1.84,0.0,False
2026-07-21,SUNLOGY,trending,0.34,74.9,29.2,1.82,15.25,True
2026-07-21,TROP,trending,1.24,60.3,28.1,1.75,3.33,False
2026-07-21,VITROX,trending,7.88,59.7,32.5,1.65,5.35,False
2026-07-21,TIMWELL,trending,1.82,64.0,46.7,1.61,1.11,False
2026-07-21,PENTA,trending,5.19,65.5,26.6,1.58,9.73,False
2026-07-21,DNEX,trending,0.465,62.3,35.2,1.34,8.14,False
2026-07-21,OGX,trending,0.485,54.9,27.9,1.3,0.0,True
2026-07-21,VIS,trending,0.375,70.6,50.4,1.27,1.35,False
2026-07-21,HIBISCS,trending,2.05,58.3,25.1,1.23,8.47,True
2026-07-21,SFPTECH,trending,0.34,65.1,36.5,1.23,17.24,False
2026-07-21,CBHB,trending,0.715,58.6,27.7,1.07,2.88,False
2026-07-21,ECOSHOP,trending,1.5,69.1,40.9,1.04,0.67,False
2026-07-21,HENGYUAN,trending,1.44,71.5,32.7,1.02,33.33,False
2026-07-21,SOP,trending,5.14,65.7,30.3,0.98,5.11,False
2026-07-21,GCB,trending,1.21,65.2,37.7,0.96,6.14,False
2026-07-21,OPPSTAR,trending,0.625,55.9,27.4,0.94,5.93,False
2026-07-21,HSPLANT,trending,2.45,67.3,43.8,0.88,6.06,False
2026-07-21,CHB,trending,1.9,74.6,56.3,0.81,15.85,False
2026-07-21,MKH,trending,1.96,75.0,89.4,0.8,0.51,False
2026-07-21,99SMART,trending,3.7,60.5,33.3,0.79,3.06,False
2026-07-21,TMK,trending,2.42,57.9,27.7,0.77,3.42,False
2026-07-21,TAANN,trending,5.8,69.5,34.3,0.69,6.23,False
2026-07-21,IOICORP,trending,4.5,59.7,42.0,0.61,3.45,False
2026-07-21,SUNMED,trending,1.96,68.0,30.5,0.59,3.7,True
2026-07-21,ECA,trending,0.315,58.3,36.7,0.57,-5.97,False
2026-07-21,LWSABAH,trending,1.48,53.1,46.9,0.56,-1.33,False
2026-07-21,ICENTS,trending,0.64,69.5,38.3,0.47,15.32,False
2026-07-21,SDG,trending,6.62,70.2,40.3,0.43,8.7,True
2026-07-21,KEEMING,trending,1.9,68.1,56.9,0.42,-4.04,False
2026-07-21,CPETECH,trending,0.995,63.1,25.1,0.37,9.34,False
2026-07-21,LPI,trending,15.08,51.8,41.2,0.34,1.07,True
2026-07-21,SPRITZER,trending,2.89,53.1,31.1,0.16,-0.69,False
2026-07-21,HLBANK,early_uptrend,22.2,56.1,15.7,3.48,1.09,False
2026-07-21,IJM,early_uptrend,2.44,67.4,11.1,1.57,6.55,True
2026-07-21,TENAGA,early_uptrend,14.56,64.0,17.3,1.25,1.82,True
2026-07-21,HIBISCS,early_uptrend,2.05,58.3,25.1,1.23,8.47,True
2026-07-21,SKPRES,reversal,0.32,57.4,25.0,1.32,14.29,False
2026-07-21,EKOVEST,reversal,0.205,53.0,30.4,1.16,2.5,False
2026-07-21,ANCOMNY,reversal,0.865,51.6,18.8,1.16,1.76,False
2026-07-21,DIALOG,reversal,1.98,54.3,25.6,0.89,7.03,False
2026-07-21,MISC,reversal,8.01,52.7,12.8,0.78,1.78,False
2026-07-21,PCHEM,reversal,4.66,51.9,22.0,0.55,9.65,False
2026-07-21,E&O,reversal,0.735,53.2,25.3,0.5,0.68,False
2026-07-21,NEXG,gaining_momentum,0.305,69.0,17.3,5.16,22.0,False
2026-07-21,BMGREEN,gaining_momentum,1.91,64.9,31.8,4.79,4.37,False
2026-07-21,GENP,gaining_momentum,5.71,71.9,48.7,3.11,4.77,True
2026-07-21,PEKAT,gaining_momentum,1.87,67.7,17.8,2.52,4.47,True
2026-07-21,GENETEC,gaining_momentum,0.335,59.1,21.5,2.05,8.06,False
2026-07-21,SAMAIDEN,gaining_momentum,1.53,73.7,29.3,1.91,9.29,False
2026-07-21,SNS,gaining_momentum,0.515,57.8,20.5,1.85,7.29,True
2026-07-21,SUNLOGY,gaining_momentum,0.34,74.9,29.2,1.82,15.25,False
2026-07-22,WTK,trending,0.895,73.9,25.6,5.03,9.15,True
2026-07-22,BMGREEN,trending,1.84,56.1,31.7,3.85,1.66,False
2026-07-22,SPRITZER,trending,2.9,54.0,29.7,2.31,1.4,False
2026-07-22,PA,trending,0.21,74.7,26.3,2.17,31.25,True
2026-07-22,IOICORP,trending,4.5,59.7,42.0,1.86,3.93,False
2026-07-22,WPRTS,trending,6.55,71.6,41.9,1.72,8.26,False
2026-07-22,SDG,trending,6.59,67.7,39.5,1.32,7.68,False
2026-07-22,TROP,trending,1.23,56.9,26.5,1.3,1.65,False
2026-07-22,PBBANK,trending,5.15,63.0,25.8,1.12,4.46,True
2026-07-22,HIBISCS,trending,2.1,62.6,25.4,1.1,5.0,False
2026-07-22,ECOSHOP,trending,1.49,66.1,40.7,1.05,0.0,False
2026-07-22,SFPTECH,trending,0.34,65.1,37.7,1.02,17.24,False
2026-07-22,OPPSTAR,trending,0.605,51.1,26.9,0.99,4.31,False
2026-07-22,TMK,trending,2.39,55.7,27.5,0.98,6.22,False
2026-07-22,DNEX,trending,0.47,63.4,36.1,0.96,9.3,False
2026-07-22,AEMULUS,trending,0.37,70.8,41.0,0.95,37.04,False
2026-07-22,99SMART,trending,3.72,62.2,33.9,0.91,1.64,False
2026-07-22,LWSABAH,trending,1.48,53.1,45.2,0.87,-1.99,False
2026-07-22,JPG,trending,2.0,73.3,37.6,0.86,7.53,False
2026-07-22,PENTA,trending,5.0,57.9,27.8,0.78,10.13,False
2026-07-22,TAANN,trending,5.8,69.5,35.1,0.78,3.94,False
2026-07-22,HHRG,trending,0.175,72.7,35.5,0.72,94.44,False
2026-07-22,UTDPLT,trending,34.04,54.6,34.0,0.7,-0.87,False
2026-07-22,SOP,trending,5.09,62.1,29.3,0.62,2.41,False
2026-07-22,VITROX,trending,7.95,60.8,32.1,0.61,6.71,False
2026-07-22,GENP,trending,5.7,70.9,48.4,0.53,3.64,False
2026-07-22,SUNMED,trending,1.96,68.0,31.1,0.5,4.26,False
2026-07-22,GCB,trending,1.22,66.3,37.8,0.48,8.93,False
2026-07-22,CBHB,trending,0.705,55.9,27.4,0.48,0.0,False
2026-07-22,ICENTS,trending,0.645,70.3,40.0,0.47,17.27,False
2026-07-22,AMS,trending,0.43,57.7,27.4,0.44,-3.37,True
2026-07-22,VIS,trending,0.37,68.4,51.5,0.42,0.0,False
2026-07-22,LPI,trending,15.06,50.7,41.2,0.42,0.4,False
2026-07-22,OGX,trending,0.475,52.1,27.2,0.42,1.06,False
2026-07-22,SAMAIDEN,trending,1.52,71.2,30.5,0.39,10.95,False
2026-07-22,KEEMING,trending,1.86,63.7,56.0,0.37,-3.12,False
2026-07-22,CHB,trending,1.88,72.9,57.3,0.34,10.59,False
2026-07-22,HSPLANT,trending,2.41,60.0,43.0,0.32,2.12,False
2026-07-22,HEGROUP,trending,0.575,62.4,49.0,0.31,1.77,False
2026-07-22,MKH,trending,1.96,75.0,89.7,0.03,0.51,False
2026-07-22,HLBANK,early_uptrend,22.24,56.8,17.0,1.97,0.72,False
2026-07-22,DAYANG,reversal,1.73,52.1,14.0,1.29,1.76,False
2026-07-22,EKOVEST,reversal,0.205,53.0,30.7,1.14,2.5,False
2026-07-22,DIALOG,reversal,1.99,55.4,24.4,1.08,4.19,False
2026-07-22,ANCOMNY,reversal,0.865,51.6,18.9,0.91,1.17,False
2026-07-22,PCHEM,reversal,4.72,53.5,21.4,0.7,5.59,False
2026-07-22,PMETAL,reversal,8.05,50.6,26.5,0.39,7.33,False
2026-07-22,NEXG,gaining_momentum,0.29,61.4,19.1,2.65,20.83,False
2026-07-22,RANHILL,gaining_momentum,2.04,59.3,16.3,2.44,5.7,True
2026-07-22,KJTS,gaining_momentum,0.835,69.5,20.9,2.41,17.61,True
2026-07-22,SNS,gaining_momentum,0.53,62.3,21.9,2.36,11.58,False
2026-07-22,OXB,gaining_momentum,0.375,58.5,12.0,1.85,8.7,True
2026-07-23,99SMART,trending,3.75,64.6,35.1,2.97,2.18,False
2026-07-23,JPG,trending,1.99,70.7,37.6,2.03,8.15,False
2026-07-23,L&G,trending,0.165,53.9,25.1,1.91,-2.94,False
2026-07-23,HSPLANT,trending,2.44,63.2,42.5,1.73,3.39,False
2026-07-23,AMS,trending,0.455,63.0,27.6,1.45,0.0,False
2026-07-23,WTK,trending,0.895,73.9,28.1,1.4,9.15,False
2026-07-23,ECOSHOP,trending,1.5,67.6,40.8,1.38,2.04,False
2026-07-23,TAANN,trending,5.78,67.3,33.8,1.33,1.94,False
2026-07-23,PA,trending,0.205,70.3,28.3,1.32,32.26,False
2026-07-23,TIMWELL,trending,1.82,60.8,41.2,1.22,1.11,False
2026-07-23,HIBISCS,trending,2.09,61.3,25.6,1.09,3.47,False
2026-07-23,SAMAIDEN,trending,1.53,72.2,31.0,0.86,8.51,False
2026-07-23,PBBANK,trending,5.17,64.1,27.0,0.85,6.6,False
2026-07-23,IOICORP,trending,4.46,55.6,40.7,0.83,2.29,False
2026-07-23,SFPTECH,trending,0.345,66.3,38.9,0.73,15.0,False
2026-07-23,GCB,trending,1.19,60.5,37.4,0.72,2.59,False
2026-07-23,SDG,trending,6.56,65.2,39.0,0.71,6.49,False
2026-07-23,HHRG,trending,0.18,73.8,37.0,0.68,89.47,False
2026-07-23,VITROX,trending,7.81,57.3,31.3,0.64,3.58,False
2026-07-23,SUNMED,trending,1.96,68.0,31.8,0.55,4.26,False
2026-07-23,SUNLOGY,trending,0.34,72.3,31.9,0.54,15.25,False
2026-07-23,DNEX,trending,0.455,58.1,36.1,0.51,3.41,False
2026-07-23,PENTA,trending,5.04,59.0,29.0,0.49,9.57,False
2026-07-23,CBHB,trending,0.695,53.3,26.4,0.41,-2.11,False
2026-07-23,SOP,trending,5.05,59.2,27.8,0.41,3.06,False
2026-07-23,TMK,trending,2.41,56.9,27.3,0.37,5.7,False
2026-07-23,ICENTS,trending,0.645,70.3,41.5,0.36,13.16,False
2026-07-23,BMGREEN,trending,1.85,57.0,31.7,0.35,0.0,False
2026-07-23,HEGROUP,trending,0.575,62.4,48.3,0.35,1.77,False
2026-07-23,GENP,trending,5.62,62.9,46.8,0.35,3.88,False
2026-07-23,AEMULUS,trending,0.37,70.8,42.5,0.34,19.35,False
2026-07-23,CHB,trending,1.83,68.5,58.1,0.3,5.78,False
2026-07-23,VIS,trending,0.36,63.9,52.2,0.22,-5.26,False
2026-07-23,KEEMING,trending,1.85,62.6,54.9,0.16,-1.6,False
2026-07-23,MKH,trending,1.96,75.0,89.9,0.14,0.51,False
2026-07-23,KINERGY,early_uptrend,0.405,69.2,23.8,3.07,3.85,True
2026-07-23,HLBANK,early_uptrend,22.36,59.0,18.0,2.1,3.04,False
2026-07-23,TENAGA,early_uptrend,14.5,56.7,19.2,1.57,1.4,False
2026-07-23,IJM,early_uptrend,2.45,68.3,14.4,1.23,6.52,False
2026-07-23,AIMFLEX,reversal,0.135,87.0,28.1,8.07,68.75,True
2026-07-23,PANAMY,reversal,5.99,52.9,53.3,0.95,7.16,True
2026-07-23,ANCOMNY,reversal,0.87,55.0,18.9,0.63,2.35,False
2026-07-23,MISC,reversal,7.98,51.0,12.2,0.48,1.66,False
2026-07-23,PMETAL,reversal,8.05,50.6,25.0,0.47,6.48,False
2026-07-23,DIALOG,reversal,1.99,55.4,23.3,0.47,4.19,False
2026-07-23,OXB,gaining_momentum,0.4,65.8,13.7,6.71,11.11,False
2026-07-23,CEB,gaining_momentum,0.285,63.3,17.0,5.91,7.55,True
2026-07-23,KJTS,gaining_momentum,0.89,75.6,23.7,4.24,25.35,False
2026-07-23,WPRTS,gaining_momentum,6.69,75.5,44.2,3.35,7.9,True
2026-07-23,CNERGEN,gaining_momentum,0.63,59.2,29.7,3.09,5.0,True
2026-07-23,KINERGY,gaining_momentum,0.405,69.2,23.8,3.07,3.85,True
2026-07-23,RANHILL,gaining_momentum,2.01,54.3,17.5,1.81,4.15,False
2026-07-24,SDG,trending,6.63,68.1,38.8,2.53,6.25,False
2026-07-24,HENGYUAN,trending,1.54,68.5,40.6,2.13,32.76,False
2026-07-24,TMK,trending,2.61,66.4,28.9,2.1,14.47,False
2026-07-24,HHRG,trending,0.15,58.9,35.5,2.02,36.36,False
2026-07-24,SOP,trending,5.2,65.6,27.1,1.72,4.0,False
2026-07-24,AEMULUS,trending,0.385,73.5,44.2,1.6,16.67,False
2026-07-24,MEGAFB,trending,1.83,72.5,26.6,1.41,15.09,True
2026-07-24,VITROX,trending,8.0,60.6,31.0,1.4,8.25,False
2026-07-24,SFPTECH,trending,0.345,66.3,39.1,1.29,16.95,False
2026-07-24,LPI,trending,15.06,50.8,41.2,1.18,0.4,False
2026-07-24,YNHPROP,trending,0.4,72.0,45.2,1.17,40.35,True
2026-07-24,PBBANK,trending,5.11,58.4,27.2,1.15,4.5,False
2026-07-24,HIBISCS,trending,2.09,61.3,26.2,1.1,5.03,False
2026-07-24,HSPLANT,trending,2.44,63.2,42.0,1.08,3.83,False
2026-07-24,KINERGY,trending,0.405,69.2,25.4,1.07,5.19,True
2026-07-24,TIMWELL,trending,1.84,64.3,38.8,1.0,1.1,False
2026-07-24,GCB,trending,1.2,61.7,35.9,0.96,3.45,False
2026-07-24,UUE,trending,0.535,69.7,40.8,0.88,2.88,True
2026-07-24,INFOM,trending,1.44,69.1,42.3,0.79,0.7,True
2026-07-24,99SMART,trending,3.69,56.8,34.9,0.77,-0.27,False
2026-07-24,SAMAIDEN,trending,1.5,65.0,30.3,0.75,5.63,False
2026-07-24,SUNMED,trending,1.94,61.6,31.4,0.72,-0.51,False
2026-07-24,ECOSHOP,trending,1.49,64.5,40.9,0.71,-0.67,False
2026-07-24,AMS,trending,0.455,63.0,27.7,0.65,0.0,False
2026-07-24,ICENTS,trending,0.62,61.7,41.6,0.64,12.73,False
2026-07-24,PA,trending,0.205,70.3,29.4,0.57,28.12,False
2026-07-24,PENTA,trending,5.04,59.0,29.5,0.56,7.01,False
2026-07-24,GENP,trending,5.61,62.0,44.9,0.46,2.37,False
2026-07-24,TAANN,trending,5.82,69.4,32.9,0.42,1.93,False
2026-07-24,BMGREEN,trending,1.87,58.8,31.2,0.41,3.31,False
2026-07-24,DNEX,trending,0.455,58.1,35.6,0.39,4.6,False
2026-07-24,L&G,trending,0.17,60.6,25.8,0.31,3.03,False
2026-07-24,HEGROUP,trending,0.57,60.1,47.3,0.28,-3.39,False
2026-07-24,KEEMING,trending,1.81,58.3,53.6,0.25,-2.16,False
2026-07-24,CHB,trending,1.81,66.8,58.3,0.22,5.23,False
2026-07-24,VIS,trending,0.355,61.8,52.2,0.2,-2.74,False
2026-07-24,SPRITZER,trending,2.89,52.8,26.4,0.18,-2.36,False
2026-07-24,MKH,trending,1.96,75.0,90.2,0.13,0.51,False
2026-07-24,AIMFLEX,early_uptrend,0.125,75.1,30.9,6.64,56.25,True
2026-07-24,MTTSL,early_uptrend,0.975,54.9,12.2,1.45,3.72,True
2026-07-24,TSH,early_uptrend,1.23,59.1,23.1,1.38,2.5,True
2026-07-24,AIMFLEX,reversal,0.125,75.1,30.9,6.64,56.25,False
2026-07-24,GASMSIA,reversal,5.25,55.2,22.7,2.51,3.96,True
2026-07-24,PANAMY,reversal,5.99,52.9,50.8,0.69,6.96,False
2026-07-24,DIALOG,reversal,1.99,55.4,22.2,0.58,5.85,False
2026-07-24,KJTS,gaining_momentum,0.905,77.0,26.4,2.71,24.83,False
2026-07-24,WTK,gaining_momentum,0.94,79.1,31.0,2.57,16.05,True
2026-07-24,TMK,gaining_momentum,2.61,66.4,28.9,2.1,14.47,True
2026-07-27,AIMFLEX,trending,0.115,65.5,33.5,2.08,53.33,True
2026-07-27,PENTA,trending,5.14,61.8,30.4,2.05,11.74,False
2026-07-27,SEMICO,trending,0.565,56.4,25.9,1.86,0.0,True
2026-07-27,MEGAFB,trending,1.76,60.2,25.6,1.85,10.0,False
2026-07-27,HENGYUAN,trending,1.37,54.4,40.2,1.76,5.38,False
2026-07-27,CORAZA,trending,1.1,59.9,25.8,1.56,15.18,True
2026-07-27,SFPTECH,trending,0.355,68.8,39.5,1.46,26.79,False
2026-07-27,VITROX,trending,7.99,60.4,30.7,1.33,8.41,False
2026-07-27,TIMWELL,trending,1.84,64.3,36.3,1.17,1.66,False
2026-07-27,PBBANK,trending,5.18,62.6,27.9,1.15,5.28,False
2026-07-27,AMS,trending,0.44,57.9,28.0,1.15,2.33,False
2026-07-27,L&G,trending,0.165,52.4,27.4,1.15,0.0,False
2026-07-27,INFOM,trending,1.41,63.5,39.5,1.13,-2.08,False
2026-07-27,TMK,trending,2.52,60.0,30.3,1.08,12.0,False
2026-07-27,JPG,trending,2.02,70.5,39.6,1.07,5.21,False
2026-07-27,ECOSHOP,trending,1.47,58.7,39.4,1.0,-2.65,False
2026-07-27,WTK,trending,0.925,73.8,33.7,0.98,12.12,False
2026-07-27,HHRG,trending,0.155,60.3,34.1,0.95,34.78,False
2026-07-27,LWSABAH,trending,1.48,52.9,38.4,0.91,-1.99,False
2026-07-27,SUNMED,trending,1.95,63.5,30.5,0.86,0.0,False
2026-07-27,GCB,trending,1.19,59.8,35.0,0.83,5.31,False
2026-07-27,ICENTS,trending,0.625,62.7,40.7,0.8,0.81,False
2026-07-27,YNHPROP,trending,0.385,67.2,45.4,0.69,26.23,False
2026-07-27,AEMULUS,trending,0.375,68.9,45.8,0.66,17.19,False
2026-07-27,IOICORP,trending,4.45,54.4,38.7,0.64,-3.26,False
2026-07-27,KEEMING,trending,1.92,65.4,53.0,0.6,6.67,False
2026-07-27,TAANN,trending,5.82,69.4,32.1,0.59,1.57,False
2026-07-27,PA,trending,0.2,65.8,30.5,0.55,21.21,False
2026-07-27,SDG,trending,6.59,64.8,38.7,0.54,2.17,False
2026-07-27,UUE,trending,0.53,66.6,40.7,0.53,1.92,False
2026-07-27,BMGREEN,trending,1.88,59.7,31.2,0.52,5.03,False
2026-07-27,SOP,trending,5.2,65.6,26.4,0.51,0.97,False
2026-07-27,DNEX,trending,0.45,56.2,35.1,0.49,5.88,False
2026-07-27,99SMART,trending,3.7,57.7,34.4,0.39,0.82,False
2026-07-27,MKH,trending,1.96,75.0,90.4,0.31,0.51,False
2026-07-27,HSPLANT,trending,2.45,64.3,42.2,0.31,2.94,False
2026-07-27,SAMAIDEN,trending,1.5,65.0,29.7,0.23,7.14,False
2026-07-27,VIS,trending,0.36,63.1,52.4,0.2,2.86,False
2026-07-27,HEGROUP,trending,0.57,60.1,46.3,0.17,-1.72,False
2026-07-27,CHB,trending,1.78,64.2,58.1,0.15,6.59,False
2026-07-27,GENP,trending,5.63,63.2,43.4,0.09,2.36,False
2026-07-27,MTTSL,early_uptrend,1.01,65.8,13.9,2.6,7.45,False
2026-07-27,TSH,early_uptrend,1.25,63.6,24.0,2.59,2.46,False
2026-07-27,KINERGY,early_uptrend,0.415,75.7,28.5,2.18,7.79,False
2026-07-27,AIMFLEX,early_uptrend,0.115,65.5,33.5,2.08,53.33,False
2026-07-27,AIMFLEX,reversal,0.115,65.5,33.5,2.08,53.33,False
2026-07-27,LAGENDA,reversal,1.39,51.0,17.9,2.08,-0.71,True
2026-07-27,MSC,reversal,1.94,52.3,17.1,1.16,2.65,True
2026-07-27,PANAMY,reversal,6.08,55.9,48.6,0.5,8.19,False
2026-07-27,CTOS,gaining_momentum,0.695,59.6,19.8,4.17,4.51,True
2026-07-27,ICTZONE,gaining_momentum,0.245,83.3,42.7,2.92,25.64,True
2026-07-27,MTTSL,gaining_momentum,1.01,65.8,13.9,2.6,7.45,True
2026-07-27,KINERGY,gaining_momentum,0.415,75.7,28.5,2.18,7.79,False
2026-07-27,ECA,gaining_momentum,0.335,64.9,32.4,1.96,6.35,True
2026-07-27,KIPREIT,gaining_momentum,0.87,73.3,21.7,1.87,4.19,True
2026-07-28,TAANN,trending,5.82,69.4,30.8,2.11,0.17,False
2026-07-28,AIMFLEX,trending,0.12,67.8,35.0,1.64,50.0,False
2026-07-28,HENGYUAN,trending,1.35,53.0,38.9,1.46,-2.88,False
2026-07-28,PENTA,trending,4.96,54.5,30.5,1.39,6.67,False
2026-07-28,CORAZA,trending,1.06,53.9,25.4,1.38,6.0,False
2026-07-28,TMK,trending,2.58,62.6,30.6,1.28,16.22,False
2026-07-28,YNHPROP,trending,0.35,57.5,42.7,1.26,6.06,False
2026-07-28,VIS,trending,0.4,71.7,53.2,1.19,15.94,False
2026-07-28,SUNMED,trending,1.95,63.5,29.0,1.16,2.63,False
2026-07-28,PBBANK,trending,5.19,63.1,28.6,1.09,2.77,False
2026-07-28,SFPTECH,trending,0.335,59.5,38.9,1.05,17.54,False
2026-07-28,VITROX,trending,7.86,56.9,29.9,1.04,5.08,False
2026-07-28,ICENTS,trending,0.62,61.0,39.9,1.03,-3.12,False
2026-07-28,KEEMING,trending,1.94,66.5,52.5,0.99,6.59,False
2026-07-28,WTK,trending,0.9,65.9,35.3,0.98,10.43,False
2026-07-28,TIMWELL,trending,1.82,58.3,34.0,0.95,-0.55,False
2026-07-28,HHRG,trending,0.14,54.2,32.8,0.91,-6.67,False
2026-07-28,SOP,trending,5.2,65.6,25.6,0.85,1.36,False
2026-07-28,GENP,trending,5.72,68.0,42.7,0.78,5.15,False
2026-07-28,SUNLOGY,trending,0.345,65.5,36.1,0.76,23.21,False
2026-07-28,ECOMATE,trending,0.855,50.2,35.3,0.75,0.0,True
2026-07-28,ECOSHOP,trending,1.47,58.7,38.1,0.66,-2.0,False
2026-07-28,SAMAIDEN,trending,1.47,58.2,28.5,0.61,5.0,False
2026-07-28,SDG,trending,6.57,63.1,38.1,0.59,1.08,False
2026-07-28,AEMULUS,trending,0.375,68.9,47.2,0.59,8.7,False
2026-07-28,PA,trending,0.195,61.6,30.2,0.49,5.41,False
2026-07-28,HEGROUP,trending,0.565,57.6,44.9,0.46,-2.59,False
2026-07-28,CHB,trending,1.8,65.2,56.6,0.45,10.43,False
2026-07-28,L&G,trending,0.165,52.4,28.8,0.45,0.0,False
2026-07-28,UUE,trending,0.515,58.3,39.3,0.42,1.98,False
2026-07-28,GCB,trending,1.2,61.1,34.2,0.37,3.45,False
2026-07-28,LWSABAH,trending,1.49,54.1,36.4,0.37,0.68,False
2026-07-28,BMGREEN,trending,1.86,57.0,30.5,0.34,2.2,False
2026-07-28,AMS,trending,0.445,59.1,28.0,0.3,5.95,False
2026-07-28,MKH,trending,1.96,75.0,90.6,0.29,0.0,False
2026-07-28,JPG,trending,2.02,70.5,40.2,0.23,2.54,False
2026-07-28,HSPLANT,trending,2.43,60.4,42.4,0.14,1.25,False
2026-07-28,TENAGA,early_uptrend,14.66,61.0,23.2,1.7,1.81,False
2026-07-28,AIMFLEX,reversal,0.12,67.8,35.0,1.64,50.0,False
2026-07-28,PANAMY,reversal,6.09,56.3,46.9,0.85,8.94,False
2026-07-28,MCEMENT,reversal,6.5,54.2,27.5,0.79,1.88,True
2026-07-28,YINSON,reversal,1.9,51.7,37.1,0.68,0.53,True
2026-07-28,LAGENDA,reversal,1.39,51.0,17.8,0.53,-0.71,False
2026-07-28,MTTSL,gaining_momentum,1.04,72.1,16.5,5.17,10.64,False
2026-07-28,MAHSING,gaining_momentum,1.0,64.5,13.3,3.63,3.63,True
2026-07-28,CTOS,gaining_momentum,0.72,66.0,20.7,2.37,9.92,False
2026-07-28,KERJAYA,gaining_momentum,2.52,65.2,27.1,1.89,6.33,True
2026-07-29,HSPLANT,trending,2.43,60.4,41.4,1.94,1.67,False
2026-07-29,VIS,trending,0.415,74.1,54.1,1.82,22.06,False
2026-07-29,PENTA,trending,4.99,55.4,30.6,1.75,1.01,False
2026-07-29,SUNLOGY,trending,0.36,69.5,36.8,1.63,26.32,False
2026-07-29,AMS,trending,0.475,65.4,28.9,1.53,7.95,False
2026-07-29,IOICORP,trending,4.45,53.8,35.6,1.48,-2.63,False
2026-07-29,UUE,trending,0.55,68.2,39.3,1.43,8.91,False
2026-07-29,VITROX,trending,8.05,60.5,29.5,1.41,4.68,False
2026-07-29,L&G,trending,0.165,52.4,30.8,1.35,0.0,False
2026-07-29,SDG,trending,6.57,63.1,37.9,1.12,-0.76,False
2026-07-29,SEMICO,trending,0.565,55.5,28.9,1.12,0.0,False
2026-07-29,HEGROUP,trending,0.575,61.1,44.3,1.1,-1.71,False
2026-07-29,KEEMING,trending,1.9,62.2,51.8,1.09,3.83,False
2026-07-29,JPG,trending,2.04,72.6,40.8,1.07,2.51,False
2026-07-29,SUNMED,trending,1.92,54.4,27.5,1.06,0.52,False
2026-07-29,UTDPLT,trending,34.0,54.5,26.9,0.99,-2.02,False
2026-07-29,ECOMATE,trending,0.86,54.5,36.9,0.99,0.58,False
2026-07-29,LWSABAH,trending,1.52,57.7,35.2,0.97,-1.94,False
2026-07-29,AEMULUS,trending,0.385,71.0,48.7,0.96,8.45,False
2026-07-29,PA,trending,0.195,61.6,30.0,0.92,-2.5,False
2026-07-29,AIMFLEX,trending,0.12,67.8,36.7,0.87,50.0,False
2026-07-29,SFPTECH,trending,0.34,60.9,38.6,0.86,13.33,False
2026-07-29,SAMAIDEN,trending,1.51,63.6,26.8,0.86,8.63,False
2026-07-29,TAANN,trending,5.8,66.7,30.0,0.74,0.52,False
2026-07-29,TIMWELL,trending,1.82,58.3,32.2,0.69,0.0,False
2026-07-29,TENAGA,trending,14.6,58.2,25.3,0.64,1.53,True
2026-07-29,GCB,trending,1.2,61.1,33.9,0.64,-0.83,False
2026-07-29,HENGYUAN,trending,1.42,57.1,38.1,0.63,2.9,False
2026-07-29,WTK,trending,0.92,68.8,36.7,0.6,12.2,False
2026-07-29,CORAZA,trending,1.06,53.9,25.3,0.59,-6.19,False
2026-07-29,PBBANK,trending,5.15,59.3,29.0,0.55,1.98,False
2026-07-29,KINERGY,trending,0.415,70.4,34.2,0.52,6.41,False
2026-07-29,TMK,trending,2.57,61.9,31.1,0.51,14.22,False
2026-07-29,ICENTS,trending,0.62,61.0,39.2,0.38,-3.12,False
2026-07-29,SCICOM,trending,1.93,59.7,25.2,0.24,4.32,True
2026-07-29,CHB,trending,1.76,61.5,55.3,0.2,6.02,False
2026-07-29,MKH,trending,1.96,75.0,90.8,0.06,0.0,False
2026-07-29,LPI,trending,15.08,52.3,41.0,0.05,0.53,False
2026-07-29,GENP,trending,5.71,66.9,42.1,0.05,5.35,False
2026-07-29,HAWK,reversal,0.215,69.7,43.0,3.49,19.44,True
2026-07-29,YEWLEE,reversal,0.58,53.5,19.4,1.13,0.0,True
2026-07-29,AIMFLEX,reversal,0.12,67.8,36.7,0.87,50.0,False
2026-07-29,MSC,reversal,1.94,52.3,15.9,0.74,-0.51,False
2026-07-29,MCEMENT,reversal,6.54,55.6,26.2,0.49,4.31,False
2026-07-29,YINSON,reversal,1.91,52.7,34.5,0.47,3.24,False
2026-07-29,PANAMY,reversal,5.99,52.0,44.5,0.44,9.31,False
2026-07-29,GASMSIA,reversal,5.27,55.7,20.0,0.31,2.33,False
2026-07-29,MFLOUR,gaining_momentum,0.64,86.4,39.4,8.55,9.4,True
2026-07-29,HAWK,gaining_momentum,0.215,69.7,43.0,3.49,19.44,True
2026-07-29,KOPI,gaining_momentum,0.98,63.8,17.8,3.3,8.89,True
2026-07-29,ALPHA,gaining_momentum,0.275,76.2,28.8,2.46,10.0,True
2026-07-29,MIKROMB,gaining_momentum,0.535,65.9,20.4,2.39,4.9,True
2026-07-30,JTGROUP,trending,0.75,68.2,45.7,2.47,13.64,True
2026-07-30,HEGROUP,trending,0.595,66.9,44.9,2.43,2.59,False
2026-07-30,ICENTS,trending,0.615,59.1,39.2,2.01,-6.11,False
2026-07-30,PENTA,trending,5.0,55.8,31.1,1.82,0.0,False
2026-07-30,UUE,trending,0.545,65.8,39.2,1.53,6.86,False
2026-07-30,VITROX,trending,8.0,59.1,29.7,1.48,4.44,False
2026-07-30,IOICORP,trending,4.47,55.3,34.6,1.38,-1.97,False
2026-07-30,TENAGA,trending,14.62,58.9,26.7,1.26,2.24,False
2026-07-30,CORAZA,trending,1.09,57.6,25.9,1.23,-0.91,False
2026-07-30,HENGYUAN,trending,1.48,60.3,37.9,1.15,10.45,False
2026-07-30,PBBANK,trending,5.16,60.0,28.7,1.14,-0.77,False
2026-07-30,MKHOP,trending,0.65,67.0,27.2,1.09,4.0,True
2026-07-30,TAANN,trending,5.8,66.7,29.2,0.94,0.0,False
2026-07-30,AIMFLEX,trending,0.125,70.0,37.4,0.91,47.06,False
2026-07-30,AMS,trending,0.465,62.0,30.0,0.87,8.14,False
2026-07-30,SDG,trending,6.6,64.7,37.8,0.81,-1.49,False
2026-07-30,KINERGY,trending,0.415,70.4,36.7,0.81,7.79,False
2026-07-30,SUNMED,trending,1.92,54.4,26.1,0.8,-1.03,False
2026-07-30,AEMULUS,trending,0.38,68.5,50.1,0.8,10.14,False
2026-07-30,TIMWELL,trending,1.83,60.4,31.0,0.8,0.55,False
2026-07-30,ECOSHOP,trending,1.48,59.4,34.3,0.76,0.0,False
2026-07-30,CHB,trending,1.84,65.6,54.4,0.75,-3.16,False
2026-07-30,VIS,trending,0.405,69.8,55.0,0.68,15.71,False
2026-07-30,KEEMING,trending,1.93,64.1,50.8,0.61,2.12,False
2026-07-30,L&G,trending,0.165,52.4,32.7,0.51,0.0,False
2026-07-30,JPG,trending,2.04,72.6,41.7,0.46,3.03,False
2026-07-30,ICTZONE,trending,0.235,68.5,47.5,0.42,17.5,True
2026-07-30,SAMAIDEN,trending,1.47,55.8,25.2,0.37,4.26,False
2026-07-30,UTDPLT,trending,33.7,51.8,25.2,0.36,-3.71,False
2026-07-30,LWSABAH,trending,1.52,57.7,34.1,0.34,0.66,False
2026-07-30,WTK,trending,0.915,67.2,38.0,0.34,12.96,False
2026-07-30,SUNLOGY,trending,0.36,69.5,37.4,0.34,24.14,False
2026-07-30,GCB,trending,1.2,61.1,33.2,0.32,0.0,False
2026-07-30,PA,trending,0.195,61.6,29.1,0.28,2.63,False
2026-07-30,SFPTECH,trending,0.335,58.7,38.4,0.25,-1.47,False
2026-07-30,MKH,trending,1.96,75.0,91.0,0.24,0.0,False
2026-07-30,TMK,trending,2.55,60.4,31.0,0.17,6.25,False
2026-07-30,HSPLANT,trending,2.44,61.8,40.4,0.05,-0.41,False
2026-07-30,HAWK,reversal,0.23,75.7,43.1,7.67,35.29,False
2026-07-30,LAGENDA,reversal,1.4,53.9,18.0,1.49,1.45,False
2026-07-30,YEWLEE,reversal,0.585,57.0,18.5,1.11,5.41,False
2026-07-30,AIMFLEX,reversal,0.125,70.0,37.4,0.91,47.06,False
2026-07-30,YINSON,reversal,1.9,51.6,32.1,0.64,2.7,False
2026-07-30,GASMSIA,reversal,5.23,53.0,19.9,0.17,1.55,False
2026-07-30,MCEMENT,reversal,6.53,55.2,24.9,0.13,3.32,False
2026-07-30,HAWK,gaining_momentum,0.23,75.7,43.1,7.67,35.29,False
2026-07-30,MFLOUR,gaining_momentum,0.635,81.2,42.0,3.55,9.48,False
2026-07-30,KOPI,gaining_momentum,0.985,64.7,19.7,3.18,5.91,False
2026-07-30,MTTSL,gaining_momentum,1.08,78.2,21.7,2.15,13.09,False
2026-07-31,PENTA,trending,5.29,64.1,32.4,3.88,7.74,False
2026-07-31,VITROX,trending,8.7,69.6,31.9,3.52,19.51,False
2026-07-31,VIS,trending,0.41,70.7,56.2,3.01,20.59,False
2026-07-31,UUE,trending,0.54,63.4,38.4,2.23,3.85,False
2026-07-31,KEEMING,trending,2.08,71.6,50.8,2.03,11.23,False
2026-07-31,CHB,trending,1.9,68.4,54.3,1.92,2.7,False
2026-07-31,TENAGA,trending,14.6,57.9,28.8,1.87,2.1,False
2026-07-31,PBBANK,trending,5.17,60.6,28.7,1.71,-1.52,False
2026-07-31,SFPTECH,trending,0.35,63.0,38.7,1.4,9.38,False
2026-07-31,CORAZA,trending,1.14,63.0,27.0,1.37,8.57,False
2026-07-31,OGX,trending,0.475,53.5,25.2,1.24,7.95,True
2026-07-31,TMK,trending,2.55,60.4,31.1,1.1,10.39,False
2026-07-31,KINERGY,trending,0.41,63.2,37.8,1.02,6.49,False
2026-07-31,AIMFLEX,trending,0.125,70.0,38.1,1.02,47.06,False
2026-07-31,TIMWELL,trending,1.85,64.4,28.9,0.98,0.54,False
2026-07-31,HEGROUP,trending,0.615,71.5,45.5,0.96,9.82,False
2026-07-31,SEMICO,trending,0.565,54.8,27.3,0.93,1.8,False
2026-07-31,HENGYUAN,trending,1.5,61.4,37.1,0.9,11.11,False
2026-07-31,JTGROUP,trending,0.74,65.9,45.8,0.88,14.73,False
2026-07-31,SDG,trending,6.57,61.8,37.8,0.82,-2.67,False
2026-07-31,YNHPROP,trending,0.34,54.6,35.5,0.8,-1.45,False
2026-07-31,WTK,trending,0.89,60.1,38.5,0.79,11.25,False
2026-07-31,L&G,trending,0.165,52.4,34.4,0.76,0.0,False
2026-07-31,DNEX,trending,0.45,56.1,28.5,0.75,2.27,False
2026-07-31,ECOSHOP,trending,1.47,56.7,32.4,0.74,-1.34,False
2026-07-31,AMS,trending,0.475,64.0,30.9,0.7,14.46,False
2026-07-31,ICENTS,trending,0.615,59.1,39.2,0.7,-1.6,False
2026-07-31,ICTZONE,trending,0.245,72.5,48.5,0.69,22.5,False
2026-07-31,AEMULUS,trending,0.39,70.7,51.5,0.56,18.18,False
2026-07-31,JPG,trending,2.0,62.4,41.4,0.51,0.0,False
2026-07-31,LWSABAH,trending,1.51,56.0,33.4,0.51,0.0,False
2026-07-31,AJI,trending,18.88,74.4,69.7,0.45,0.53,True
2026-07-31,SUNMED,trending,1.93,56.8,25.2,0.43,-1.03,False
2026-07-31,99SMART,trending,3.66,53.4,27.0,0.4,-0.81,False
2026-07-31,GCB,trending,1.2,61.1,32.5,0.34,2.56,False
2026-07-31,PA,trending,0.2,64.4,28.3,0.33,8.11,False
2026-07-31,HSPLANT,trending,2.47,65.6,40.2,0.23,-0.4,False
2026-07-31,SUNLOGY,trending,0.36,69.5,38.0,0.19,18.03,False
2026-07-31,MKH,trending,1.96,75.0,91.2,0.07,-0.51,False
2026-07-31,PAVREIT,early_uptrend,1.78,53.5,20.5,2.23,2.89,True
2026-07-31,HAWK,reversal,0.22,66.3,43.2,2.47,29.41,False
2026-07-31,DATAPRP,reversal,0.07,52.1,36.1,1.57,16.67,True
2026-07-31,LAGENDA,reversal,1.4,53.9,19.4,1.5,3.7,False
2026-07-31,ZETRIX,reversal,0.745,51.9,33.7,1.1,0.0,True
2026-07-31,AIMFLEX,reversal,0.125,70.0,38.1,1.02,47.06,False
2026-07-31,YINSON,reversal,1.95,56.5,31.3,1.0,7.14,False
2026-07-31,YEWLEE,reversal,0.585,57.0,18.8,0.98,5.41,False
2026-07-31,GASMSIA,reversal,5.22,52.3,19.4,0.08,0.58,False
2026-07-31,SPRITZER,gaining_momentum,3.0,60.6,24.9,4.18,3.09,True
2026-07-31,MTTSL,gaining_momentum,1.09,79.4,25.0,3.76,15.34,False
2026-07-31,MAXIS,gaining_momentum,3.7,66.3,25.4,3.55,4.52,True
2026-07-31,VIS,gaining_momentum,0.41,70.7,56.2,3.01,20.59,True
2026-07-31,AMBANK,gaining_momentum,6.76,67.7,12.8,2.99,4.0,True
2026-07-31,KEEMING,gaining_momentum,2.08,71.6,50.8,2.03,11.23,True
2026-07-31,UWC,gaining_momentum,6.35,56.6,13.2,1.98,8.73,True
2026-07-31,MAHSING,gaining_momentum,1.04,71.2,20.0,1.94,7.77,False
2026-07-31,MFLOUR,gaining_momentum,0.64,82.4,44.4,1.83,9.4,False
2026-07-31,CNERGEN,gaining_momentum,0.655,61.3,25.5,1.8,14.91,True
2026-08-03,JTGROUP,trending,0.75,67.1,46.0,2.21,16.28,False
2026-08-03,SPRITZER,trending,3.0,60.6,25.7,1.89,3.45,True
2026-08-03,L&G,trending,0.17,60.2,34.0,1.68,3.03,False
2026-08-03,KERJAYA,trending,2.55,66.7,29.9,1.55,5.81,True
2026-08-03,ISF,trending,0.645,63.3,25.2,1.38,2.38,True
2026-08-03,VITROX,trending,8.7,69.6,33.9,1.37,13.13,False
2026-08-03,PENTA,trending,5.24,61.9,33.7,1.12,6.72,False
2026-08-03,TMK,trending,2.6,63.0,31.5,1.04,9.7,False
2026-08-03,KEEMING,trending,2.08,71.6,51.0,1.04,10.64,False
2026-08-03,WTK,trending,0.89,60.1,37.7,0.98,10.56,False
2026-08-03,VIS,trending,0.425,73.3,57.4,0.93,21.43,False
2026-08-03,ECOSHOP,trending,1.5,62.2,31.1,0.89,-0.66,False
2026-08-03,TAANN,trending,5.81,62.6,25.8,0.89,0.52,False
2026-08-03,KINERGY,trending,0.415,66.8,38.8,0.87,7.79,False
2026-08-03,PBBANK,trending,5.2,62.7,28.9,0.82,0.19,False
2026-08-03,AMS,trending,0.47,62.2,31.5,0.82,11.9,False
2026-08-03,TIMWELL,trending,1.87,67.8,27.2,0.79,2.75,False
2026-08-03,ICTZONE,trending,0.245,72.5,49.6,0.78,22.5,False
2026-08-03,SUNMED,trending,1.95,61.2,25.1,0.75,-0.51,False
2026-08-03,GCB,trending,1.22,64.3,32.4,0.75,3.39,False
2026-08-03,HENGYUAN,trending,1.49,60.5,36.3,0.74,4.2,False
2026-08-03,AJI,trending,18.88,74.4,69.3,0.73,0.43,False
2026-08-03,TENAGA,trending,14.5,53.1,29.8,0.71,1.4,False
2026-08-03,PA,trending,0.19,55.6,28.0,0.64,0.0,False
2026-08-03,CORAZA,trending,1.14,63.0,27.7,0.63,6.54,False
2026-08-03,AEMULUS,trending,0.395,71.8,52.9,0.63,16.18,False
2026-08-03,ICENTS,trending,0.615,59.1,38.4,0.55,-1.6,False
2026-08-03,YNHPROP,trending,0.365,58.7,33.9,0.54,-2.67,False
2026-08-03,DUFU,trending,2.63,64.6,25.5,0.51,13.36,True
2026-08-03,UUE,trending,0.54,63.4,37.6,0.5,1.89,False
2026-08-03,DNEX,trending,0.445,54.2,27.9,0.36,0.0,False
2026-08-03,SFPTECH,trending,0.36,65.6,39.1,0.33,10.77,False
2026-08-03,AIMFLEX,trending,0.125,70.0,38.7,0.32,56.25,False
2026-08-03,HSPLANT,trending,2.5,68.9,40.2,0.32,0.81,False
2026-08-03,SUNLOGY,trending,0.355,66.3,37.9,0.31,5.97,False
2026-08-03,SDG,trending,6.57,61.8,37.5,0.3,-2.38,False
2026-08-03,HEGROUP,trending,0.61,68.9,46.0,0.29,4.27,False
2026-08-03,99SMART,trending,3.68,55.2,26.3,0.28,-0.54,False
2026-08-03,LWSABAH,trending,1.51,56.0,32.1,0.26,0.0,False
2026-08-03,CHB,trending,1.88,66.5,54.0,0.25,3.3,False
2026-08-03,JPG,trending,2.06,69.3,41.3,0.23,3.0,False
2026-08-03,MKHOP,trending,0.655,70.5,30.5,0.2,1.55,False
2026-08-03,MAHSING,early_uptrend,1.1,79.4,23.1,2.45,15.18,True
2026-08-03,ABMB,early_uptrend,4.83,56.4,8.1,2.11,1.05,True
2026-08-03,DATAPRP,reversal,0.07,52.1,35.3,3.24,27.27,False
2026-08-03,LAGENDA,reversal,1.42,59.3,20.6,2.46,4.41,False
2026-08-03,MALAKOF,reversal,0.81,50.3,34.3,1.77,3.85,True
2026-08-03,YEWLEE,reversal,0.59,60.5,19.0,1.13,5.36,False
2026-08-03,HAWK,reversal,0.225,68.4,43.3,1.09,32.35,False
2026-08-03,MBMR,reversal,4.82,58.0,27.5,0.9,2.34,True
2026-08-03,YINSON,reversal,1.96,57.4,30.6,0.49,8.29,False
2026-08-03,AIMFLEX,reversal,0.125,70.0,38.7,0.32,56.25,False
2026-08-03,AMBEST,gaining_momentum,0.91,62.2,22.3,4.98,7.69,True
2026-08-03,LAGENDA,gaining_momentum,1.42,59.3,20.6,2.46,4.41,True
2026-08-03,MAHSING,gaining_momentum,1.1,79.4,23.1,2.45,15.18,False
2026-08-03,JFTECH,gaining_momentum,0.685,67.5,13.0,2.34,12.3,True
2026-08-03,VANTNRG,gaining_momentum,0.33,51.9,19.8,2.29,3.12,True
2026-08-03,AMBANK,gaining_momentum,7.03,76.9,16.0,2.26,8.15,False
2026-08-03,SPRITZER,gaining_momentum,3.0,60.6,25.7,1.89,3.45,False
2026-08-04,KERJAYA,trending,2.58,69.3,31.3,3.43,8.86,False
2026-08-04,SCICOM,trending,2.05,69.3,28.6,3.32,13.89,False
2026-08-04,UUE,trending,0.55,66.3,37.1,2.67,0.92,False
2026-08-04,JPG,trending,2.1,72.9,41.7,2.18,4.48,False
2026-08-04,MIKROMB,trending,0.55,68.9,25.8,2.12,5.77,True
2026-08-04,SUNCON,trending,8.0,65.6,25.7,1.82,4.85,True
2026-08-04,PENTA,trending,5.29,63.3,34.9,1.74,1.93,False
2026-08-04,MEGAFB,trending,1.89,67.6,25.7,1.73,6.18,True
2026-08-04,VITROX,trending,8.75,70.3,36.0,1.72,11.04,False
2026-08-04,DUFU,trending,2.79,70.2,27.6,1.66,17.72,False
2026-08-04,KINERGY,trending,0.415,66.8,40.1,1.61,7.79,False
2026-08-04,GCB,trending,1.28,71.6,33.6,1.51,5.79,False
2026-08-04,HEGROUP,trending,0.635,74.0,47.1,1.48,9.48,False
2026-08-04,ICENTS,trending,0.635,64.5,38.1,1.41,-0.78,False
2026-08-04,SPRITZER,trending,2.99,59.4,25.7,1.4,3.46,False
2026-08-04,OXB,trending,0.415,63.8,25.5,1.34,15.28,True
2026-08-04,TMK,trending,2.67,66.3,32.1,1.32,10.33,False
2026-08-04,ECOSHOP,trending,1.47,54.7,29.9,1.23,-2.0,False
2026-08-04,SUNMED,trending,1.99,68.1,26.0,1.21,1.53,False
2026-08-04,VIS,trending,0.425,73.3,58.4,1.17,13.33,False
2026-08-04,JTGROUP,trending,0.745,65.8,46.2,1.17,12.03,False
2026-08-04,CORAZA,trending,1.16,65.0,28.6,1.03,6.42,False
2026-08-04,SFPTECH,trending,0.35,61.0,39.8,1.0,2.94,False
2026-08-04,PA,trending,0.195,58.6,27.1,0.93,-2.5,False
2026-08-04,TENAGA,trending,14.5,53.1,30.2,0.9,-0.41,False
2026-08-04,KEEMING,trending,2.13,73.8,51.6,0.89,12.11,False
2026-08-04,PBBANK,trending,5.28,67.6,29.7,0.88,1.54,False
2026-08-04,TIMWELL,trending,1.91,73.4,27.5,0.8,4.95,False
2026-08-04,MI,trending,5.66,63.0,25.1,0.79,-4.39,True
2026-08-04,LWSABAH,trending,1.55,61.2,31.4,0.79,4.73,False
2026-08-04,ISF,trending,0.635,60.4,26.4,0.78,0.0,False
2026-08-04,AIMFLEX,trending,0.115,59.6,38.3,0.71,27.78,False
2026-08-04,ICTZONE,trending,0.235,63.3,49.8,0.66,17.5,False
2026-08-04,HENGYUAN,trending,1.59,65.7,36.1,0.6,10.42,False
2026-08-04,L&G,trending,0.175,66.2,33.6,0.57,6.06,False
2026-08-04,AMS,trending,0.465,60.4,31.7,0.56,6.9,False
2026-08-04,WTK,trending,0.905,62.8,37.4,0.49,9.7,False
2026-08-04,SUNLOGY,trending,0.355,66.3,36.8,0.46,4.41,False
2026-08-04,SDG,trending,6.69,68.3,37.9,0.44,1.06,False
2026-08-04,YNHPROP,trending,0.36,57.6,32.5,0.44,-8.86,False
2026-08-04,DNEX,trending,0.445,54.2,27.3,0.43,-4.3,False
2026-08-04,HSPLANT,trending,2.45,58.7,39.6,0.33,0.0,False
2026-08-04,CHB,trending,1.88,66.5,53.7,0.31,-1.05,False
2026-08-04,AJI,trending,18.84,71.6,68.5,0.3,-0.32,False
2026-08-04,MKH,trending,1.96,67.7,91.6,0.14,0.0,False
2026-08-04,LPI,trending,15.1,54.0,40.6,0.11,0.13,False
2026-08-04,EMPIRE,early_uptrend,1.04,61.1,14.1,2.32,5.05,True
2026-08-04,ABMB,early_uptrend,4.85,58.6,9.6,2.21,1.04,False
2026-08-04,KIPREIT,early_uptrend,0.875,68.5,37.2,1.6,4.17,True
2026-08-04,TIMECOM,reversal,6.01,50.3,11.7,1.44,0.5,True
2026-08-04,LAGENDA,reversal,1.41,55.8,22.4,1.41,3.68,False
2026-08-04,YEWLEE,reversal,0.595,63.7,19.7,1.09,5.31,False
2026-08-04,HAWK,reversal,0.22,64.1,42.6,1.07,22.22,False
2026-08-04,MBMR,reversal,4.88,63.2,28.0,1.02,4.27,False
2026-08-04,MALAKOF,reversal,0.81,50.3,31.9,0.62,3.85,False
2026-08-04,YINSON,reversal,1.95,56.1,29.9,0.14,12.07,False
2026-08-04,NOTION,gaining_momentum,0.55,65.2,22.9,4.42,8.91,True
2026-08-04,KERJAYA,gaining_momentum,2.58,69.3,31.3,3.43,8.86,False
2026-08-04,JHM,gaining_momentum,0.41,61.2,12.0,3.23,5.13,True
2026-08-04,PIE,gaining_momentum,1.62,62.8,14.8,3.18,9.46,True
2026-08-04,JCY,gaining_momentum,0.4,64.3,18.8,2.78,8.11,True
2026-08-04,AMBEST,gaining_momentum,0.975,69.2,23.1,2.77,14.04,False
2026-08-04,AMBANK,gaining_momentum,7.12,79.0,19.1,2.51,9.04,False
2026-08-04,EMPIRE,gaining_momentum,1.04,61.1,14.1,2.32,5.05,True
2026-08-04,MSC,gaining_momentum,2.05,63.3,18.4,2.27,8.47,True
2026-08-05,PENTA,trending,5.7,72.0,37.1,4.59,14.0,False
2026-08-05,UUE,trending,0.575,72.2,37.6,3.93,5.5,False
2026-08-05,RANHILL,trending,2.19,73.8,27.7,3.69,7.35,True
2026-08-05,MISC,trending,8.24,61.3,26.0,3.0,4.17,True
2026-08-05,MKH,trending,1.97,71.9,91.9,2.65,0.51,False
2026-08-05,KERJAYA,trending,2.59,70.1,32.7,2.35,7.47,False
2026-08-05,IOICORP,trending,4.55,60.3,31.6,2.14,1.11,False
2026-08-05,VIS,trending,0.425,73.3,59.7,2.11,14.86,False
2026-08-05,VITROX,trending,9.1,74.3,38.1,2.04,14.47,False
2026-08-05,SUNCON,trending,8.2,70.3,28.4,2.04,8.18,False
2026-08-05,ICENTS,trending,0.63,62.3,38.3,2.02,-2.33,False
2026-08-05,JPG,trending,2.09,70.7,42.2,2.01,4.5,False
2026-08-05,MKHOP,trending,0.655,70.5,33.8,1.71,1.55,False
2026-08-05,PWRWELL,trending,0.93,71.8,27.8,1.69,13.41,True
2026-08-05,DUFU,trending,2.84,71.7,30.0,1.68,18.83,False
2026-08-05,GCB,trending,1.22,58.6,33.6,1.67,0.0,False
2026-08-05,L&G,trending,0.175,66.2,31.6,1.67,2.94,False
2026-08-05,JTGROUP,trending,0.765,68.3,46.5,1.52,15.04,False
2026-08-05,OXB,trending,0.41,61.5,27.1,1.38,9.33,False
2026-08-05,MIKROMB,trending,0.55,68.9,28.2,1.38,6.8,False
2026-08-05,CORAZA,trending,1.15,63.1,29.6,1.36,4.55,False
2026-08-05,DNEX,trending,0.445,54.2,27.2,1.22,-5.32,False
2026-08-05,SCICOM,trending,2.0,62.4,30.3,1.2,9.89,False
2026-08-05,SPRITZER,trending,2.99,59.4,25.6,1.18,3.1,False
2026-08-05,AIMFLEX,trending,0.12,62.6,38.0,1.15,0.0,False
2026-08-05,AEMULUS,trending,0.395,64.9,56.2,1.13,6.76,False
2026-08-05,TENAGA,trending,14.66,59.3,31.0,1.1,2.66,False
2026-08-05,WPRTS,trending,7.05,73.3,61.1,1.1,7.63,True
2026-08-05,SUNMED,trending,1.99,68.1,26.8,1.04,1.53,False
2026-08-05,MEGAFB,trending,1.89,67.6,26.6,1.03,6.18,False
2026-08-05,ECOMATE,trending,0.865,58.6,48.6,0.93,1.76,False
2026-08-05,SFPTECH,trending,0.34,56.7,39.4,0.9,0.0,False
2026-08-05,HENGYUAN,trending,1.56,63.0,36.1,0.85,-0.64,False
2026-08-05,SEMICO,trending,0.57,57.8,25.4,0.85,1.79,False
2026-08-05,TIMWELL,trending,1.9,70.1,28.2,0.84,6.15,False
2026-08-05,MI,trending,5.69,63.6,25.5,0.74,0.0,False
2026-08-05,SDG,trending,6.81,73.3,38.9,0.72,3.34,False
2026-08-05,SUNLOGY,trending,0.35,62.9,35.7,0.72,1.45,False
2026-08-05,ISF,trending,0.64,61.4,27.6,0.68,4.92,False
2026-08-05,PBBANK,trending,5.27,66.4,30.5,0.67,2.33,False
2026-08-05,99SMART,trending,3.7,56.4,25.4,0.64,-0.54,False
2026-08-05,ICTZONE,trending,0.23,59.3,49.2,0.63,0.0,False
2026-08-05,YNHPROP,trending,0.345,54.2,30.7,0.59,-11.54,False
2026-08-05,KINERGY,trending,0.42,70.3,41.9,0.52,7.69,False
2026-08-05,WTK,trending,0.89,58.5,37.2,0.5,-0.56,False
2026-08-05,MFLOUR,trending,0.635,73.2,49.9,0.49,8.55,True
2026-08-05,PA,trending,0.195,58.6,26.2,0.48,-7.14,False
2026-08-05,HEGROUP,trending,0.635,74.0,48.1,0.47,10.43,False
2026-08-05,CHB,trending,1.93,69.0,53.7,0.46,2.66,False
2026-08-05,TMK,trending,2.65,64.5,32.9,0.39,10.88,False
2026-08-05,AJI,trending,18.84,71.6,67.2,0.37,-0.84,False
2026-08-05,ECOSHOP,trending,1.49,58.3,28.8,0.32,0.0,False
2026-08-05,HSPLANT,trending,2.45,58.7,38.5,0.31,1.66,False
2026-08-05,LWSABAH,trending,1.51,54.3,30.1,0.21,2.03,False
2026-08-05,MISC,early_uptrend,8.24,61.3,26.0,3.0,4.17,True
2026-08-05,MAHSING,early_uptrend,1.08,72.0,27.5,2.22,14.89,False
2026-08-05,SIME,early_uptrend,2.21,62.1,16.8,1.21,5.74,True
2026-08-05,CLITE,reversal,0.17,52.1,44.6,5.42,13.33,True
2026-08-05,TAKAFUL,reversal,3.25,54.1,10.0,2.46,1.88,True
2026-08-05,TIMECOM,reversal,6.01,50.3,11.2,1.46,1.01,False
2026-08-05,LAGENDA,reversal,1.42,58.5,24.0,1.15,4.41,False
2026-08-05,AFFIN,reversal,2.25,50.5,18.1,0.98,0.9,True
2026-08-05,YEWLEE,reversal,0.6,66.6,20.4,0.89,5.26,False
2026-08-05,MALAKOF,reversal,0.81,50.3,29.7,0.75,3.85,False
2026-08-05,MBMR,reversal,4.97,69.4,29.4,0.59,6.2,False
2026-08-05,YINSON,reversal,1.95,56.1,28.8,0.2,8.94,False
2026-08-05,MNRB,gaining_momentum,2.87,63.9,13.6,9.29,4.74,True
2026-08-05,D&O,gaining_momentum,0.355,60.1,12.3,5.83,5.97,True
2026-08-05,CLITE,gaining_momentum,0.17,52.1,44.6,5.42,13.33,True
2026-08-05,GENETEC,gaining_momentum,0.38,70.1,19.8,5.02,13.43,True
2026-08-05,PENTA,gaining_momentum,5.7,72.0,37.1,4.59,14.0,True
2026-08-05,INARI,gaining_momentum,2.41,64.9,11.9,4.04,5.24,True
2026-08-05,RANHILL,gaining_momentum,2.19,73.8,27.7,3.69,7.35,True
2026-08-05,JCY,gaining_momentum,0.41,67.0,20.7,3.25,10.81,False
2026-08-05,YBS,gaining_momentum,0.325,62.5,22.4,2.8,3.17,True
2026-08-05,OPPSTAR,gaining_momentum,0.625,58.6,19.4,2.53,3.31,True
2026-08-05,JFTECH,gaining_momentum,0.71,71.6,16.9,2.51,12.7,False
2026-08-05,NOTION,gaining_momentum,0.54,61.6,24.7,2.35,4.85,False
2026-08-05,KERJAYA,gaining_momentum,2.59,70.1,32.7,2.35,7.47,False
2026-08-05,VITROX,gaining_momentum,9.1,74.3,38.1,2.04,14.47,True
2026-08-05,JPG,gaining_momentum,2.09,70.7,42.2,2.01,4.5,True
2026-08-06,GENP,trending,5.75,65.3,33.9,6.38,2.31,True
2026-08-06,THMY,trending,1.91,62.5,25.7,3.48,4.95,True
2026-08-06,KERJAYA,trending,2.64,74.0,34.5,2.89,9.54,False
2026-08-06,IOICORP,trending,4.49,55.0,32.0,2.56,0.67,False
2026-08-06,SUNCON,trending,8.1,65.5,31.0,1.8,4.79,False
2026-08-06,SEMICO,trending,0.575,61.1,25.0,1.54,3.6,False
2026-08-06,MIKROMB,trending,0.565,73.9,30.6,1.49,9.71,False
2026-08-06,MEGAFB,trending,1.9,68.3,27.1,1.4,2.7,False
2026-08-06,PENTA,trending,5.71,72.1,39.1,1.39,13.29,False
2026-08-06,SUNMED,trending,2.03,73.6,28.2,1.26,3.57,False
2026-08-06,MISC,trending,8.15,55.7,26.6,1.14,2.13,False
2026-08-06,TENAGA,trending,14.48,51.1,31.9,1.09,-0.14,False
2026-08-06,WPRTS,trending,7.03,71.8,61.3,1.09,5.08,False
2026-08-06,ECOSHOP,trending,1.48,55.9,27.3,1.09,-1.33,False
2026-08-06,JTGROUP,trending,0.755,65.7,46.8,1.09,11.85,False
2026-08-06,PWRWELL,trending,0.93,71.8,30.4,1.07,11.38,False
2026-08-06,JAG,trending,0.375,68.7,26.4,0.98,4.17,True
2026-08-06,ECOMATE,trending,0.855,50.1,50.5,0.97,0.59,False
2026-08-06,AMBEST,trending,1.03,73.9,25.7,0.96,21.89,True
2026-08-06,MI,trending,5.67,62.9,26.0,0.89,1.25,False
2026-08-06,SUNLOGY,trending,0.335,54.1,33.7,0.88,-1.47,False
2026-08-06,OXB,trending,0.41,61.5,28.0,0.87,2.5,False
2026-08-06,KINERGY,trending,0.42,70.3,43.6,0.85,3.7,False
2026-08-06,SCICOM,trending,2.06,66.7,31.3,0.84,5.64,False
2026-08-06,CIMB,trending,7.97,63.5,32.3,0.82,3.1,True
2026-08-06,TIMWELL,trending,1.91,71.5,28.4,0.74,4.95,False
2026-08-06,LWSABAH,trending,1.55,59.2,29.4,0.72,6.9,False
2026-08-06,DUFU,trending,2.88,72.9,32.3,0.66,18.03,False
2026-08-06,DNEX,trending,0.46,59.3,27.1,0.64,1.1,False
2026-08-06,MFLOUR,trending,0.64,74.9,50.9,0.64,9.4,False
2026-08-06,CORAZA,trending,1.16,64.3,30.2,0.63,4.5,False
2026-08-06,ICENTS,trending,0.615,56.1,37.2,0.62,-4.65,False
2026-08-06,VIS,trending,0.42,70.7,59.8,0.6,16.67,False
2026-08-06,AEMULUS,trending,0.41,68.0,57.1,0.58,10.81,False
2026-08-06,L&G,trending,0.18,71.2,29.8,0.58,9.09,False
2026-08-06,AJI,trending,18.88,72.8,66.2,0.58,-0.53,False
2026-08-06,GCB,trending,1.26,63.4,33.5,0.57,5.88,False
2026-08-06,WTK,trending,0.9,60.4,37.0,0.57,0.56,False
2026-08-06,AMS,trending,0.45,54.8,29.6,0.54,-1.1,False
2026-08-06,PBBANK,trending,5.23,61.8,30.0,0.52,1.16,False
2026-08-06,ISF,trending,0.645,62.4,28.7,0.51,3.2,False
2026-08-06,HENGYUAN,trending,1.5,58.0,35.7,0.5,-8.54,False
2026-08-06,CHB,trending,1.89,64.8,53.2,0.44,3.28,False
2026-08-06,HSPLANT,trending,2.44,56.8,37.2,0.39,0.0,False
2026-08-06,SDG,trending,6.78,70.3,39.9,0.32,3.35,False
2026-08-06,SFPTECH,trending,0.345,58.3,39.1,0.32,0.0,False
2026-08-06,TMK,trending,2.69,66.5,32.9,0.31,11.62,False
2026-08-06,YNHPROP,trending,0.345,54.2,28.7,0.31,-5.48,False
2026-08-06,PA,trending,0.195,58.6,25.9,0.24,-4.88,False
2026-08-06,MKHOP,trending,0.655,70.5,35.5,0.22,0.77,False
2026-08-06,JPG,trending,2.02,57.4,41.2,0.2,1.51,False
2026-08-06,AIMFLEX,trending,0.115,58.0,37.8,0.13,-14.81,False
2026-08-06,MAHSING,early_uptrend,1.12,77.0,29.5,3.7,19.15,False
2026-08-06,GAMUDA,early_uptrend,4.49,65.7,16.7,2.95,3.46,True
2026-08-06,MSC,early_uptrend,2.13,69.4,22.6,1.21,12.11,True
2026-08-06,MRCB,reversal,0.34,65.8,16.1,5.49,9.68,True
2026-08-06,MBMR,reversal,4.96,68.0,30.6,1.39,7.13,False
2026-08-06,YEWLEE,reversal,0.6,66.6,21.5,1.01,5.26,False
2026-08-06,TIMECOM,reversal,6.05,55.9,11.2,0.77,2.02,False
2026-08-06,PECCA,reversal,1.39,72.7,35.0,0.6,4.51,True
2026-08-06,CLITE,reversal,0.175,55.0,42.3,0.51,20.69,False
2026-08-06,LAGENDA,reversal,1.41,54.9,25.6,0.46,5.22,False
2026-08-06,YINSON,reversal,1.95,56.1,28.1,0.35,14.04,False
2026-08-06,AVANGAAD,reversal,0.3,51.0,9.3,0.35,0.0,True
2026-08-06,JCY,gaining_momentum,0.47,78.1,23.9,6.72,28.77,False
2026-08-06,MRCB,gaining_momentum,0.34,65.8,16.1,5.49,9.68,True
2026-08-06,UUE,gaining_momentum,0.6,76.6,38.8,4.07,10.09,True
2026-08-06,THMY,gaining_momentum,1.91,62.5,25.7,3.48,4.95,True
2026-08-06,SCGBHD,gaining_momentum,2.5,66.8,16.5,3.45,8.7,True
2026-08-06,IJM,gaining_momentum,2.66,74.6,23.0,3.22,8.57,True
2026-08-06,OSK,gaining_momentum,2.04,69.2,18.3,2.98,4.08,True
2026-08-06,KERJAYA,gaining_momentum,2.64,74.0,34.5,2.89,9.54,False
2026-08-06,GENETEC,gaining_momentum,0.37,65.7,22.2,2.62,12.12,False
2026-08-06,TM,gaining_momentum,7.92,68.8,20.4,2.44,3.53,True
2026-08-06,CPETECH,gaining_momentum,1.08,65.8,23.4,2.37,9.64,True
2026-08-06,KLK,gaining_momentum,21.6,57.7,21.7,2.34,4.55,True
2026-08-06,UEMS,gaining_momentum,0.64,61.6,17.2,1.96,4.92,True
2026-08-06,SMRT,gaining_momentum,0.21,64.2,28.0,1.84,7.69,True
2026-08-06,SUNCON,gaining_momentum,8.1,65.5,31.0,1.8,4.79,True
